id,lang,created_at,source,in_reply_to_status_id,in_reply_to_user_id,in_reply_to_screen_name,user_id,user_location,user_followers_count,user_friends_count,user_time_zone,user_statuses_count,user_lang,place_full_name,place_country_code,geo_x,geo_y,is_good
496057477268791296,en,Sun Aug 03 22:18:13 +0000 2014,"<a href=""http://twitter.com/download/android"" rel=""nofollow"">Twitter for Android</a>",,,,231563998,"",361,820,Central Time (US & Canada),33473,es,"","",0,0,0
496057451498582017,en,Sun Aug 03 22:18:07 +0000 2014,"<a href=""http://instagram.com"" rel=""nofollow"">Instagram</a>",,,,131369008,cali,98,84,,290,es,"","",0,0,1
496056621207154689,en,Sun Aug 03 22:14:49 +0000 2014,"<a href=""http://instagram.com"" rel=""nofollow"">Instagram</a>",,,,428060616,"Toledo, U.S.A.",190,511,Eastern Time (US & Canada),9612,en,"","",0,0,1
496056506366689280,ar,Sun Aug 03 22:14:22 +0000 2014,"<a href=""http://twitter.com/download/iphone"" rel=""nofollow"">Twitter for iPhone</a>",,,,213814963,تحت رحمة الله,8642,2087,Riyadh,149033,ar,"","",0,0,1
496056342772477952,en,Sun Aug 03 22:13:43 +0000 2014,"<a href=""http://twitter.com"" rel=""nofollow"">Twitter Web Client</a>",,,,255589918,venezuela,1313,1724,Santiago,10821,es,"","",0,0,0
496055657460944897,en,Sun Aug 03 22:10:59 +0000 2014,"<a href=""http://tweetadder.com"" rel=""nofollow"">TweetAdder v4</a>",,,,485528822,Devon UK,5393,5449,London,258543,en,"","",0,0,0
496055173652164610,en,Sun Aug 03 22:09:04 +0000 2014,"<a href=""http://twitter.com/download/android"" rel=""nofollow"">Twitter for Android</a>",,,,171768929,☽☆☽ ☆☽☆ ,2363,2371,Caracas,37871,es,"","",0,0,1
496054601720688640,en,Sun Aug 03 22:06:47 +0000 2014,"<a href=""http://twitter.com/download/android"" rel=""nofollow"">Twitter for Android</a>",,,,2601498840,"",110,193,,935,en,"","",0,0,0
496053758900834305,en,Sun Aug 03 22:03:27 +0000 2014,"<a href=""http://instagram.com"" rel=""nofollow"">Instagram</a>",,,,1667460884,"",15,238,,96,it,"","",0,0,0
496053583767293952,en,Sun Aug 03 22:02:45 +0000 2014,"<a href=""http://instagram.com"" rel=""nofollow"">Instagram</a>",,,,428060616,"Toledo, U.S.A.",190,511,Eastern Time (US & Canada),9612,en,"","",0,0,0
496053088185495553,en,Sun Aug 03 22:00:47 +0000 2014,"<a href=""http://instagram.com"" rel=""nofollow"">Instagram</a>",,,,1931959854,"",141,82,,316,en,"","",0,0,1
496052287224438784,en,Sun Aug 03 21:57:36 +0000 2014,"<a href=""http://instagram.com"" rel=""nofollow"">Instagram</a>",,,,1329381258,DE,30,96,,333,en,"","",0,0,1
496052186745294849,en,Sun Aug 03 21:57:12 +0000 2014,"<a href=""http://ifttt.com"" rel=""nofollow"">IFTTT</a>",,,,1538736242,"Atlanta, Ga",195,118,Atlantic Time (Canada),2190,en,"","",0,0,0
496051700013465600,en,Sun Aug 03 21:55:16 +0000 2014,"<a href=""http://instagram.com"" rel=""nofollow"">Instagram</a>",,,,382869739,LDN,592,292,,7107,en,"","",0,0,0
496051454957068288,en,Sun Aug 03 21:54:17 +0000 2014,"<a href=""http://instagram.com"" rel=""nofollow"">Instagram</a>",,,,1329381258,DE,30,96,,333,en,"","",0,0,1
496051079927562240,en,Sun Aug 03 21:52:48 +0000 2014,"<a href=""http://twitter.com/tweeteye_dev"" rel=""nofollow"">Tweet Eye</a>",,,,2530487052,"",23,13,,8054,en,"","",0,0,1
496051071480262656,en,Sun Aug 03 21:52:46 +0000 2014,"<a href=""http://twitter.com"" rel=""nofollow"">Twitter Web Client</a>",,,,2258455962,"Los Auto-TWEETS, aquí:",2475,2369,Amsterdam,37640,es,"","",0,0,1
496050871034056704,en,Sun Aug 03 21:51:58 +0000 2014,"<a href=""https://dev.twitter.com/docs/tfw"" rel=""nofollow"">Twitter for Websites</a>",,,,28875939,Florida,19066,16595,,11456,en,"","",0,0,0
496049617515978753,en,Sun Aug 03 21:46:59 +0000 2014,"<a href=""http://instagram.com"" rel=""nofollow"">Instagram</a>",,,,1329381258,DE,30,96,,333,en,"","",0,0,1
496048437440548865,en,Sun Aug 03 21:42:18 +0000 2014,"<a href=""http://instagram.com"" rel=""nofollow"">Instagram</a>",,,,1258132854,"",64,162,Atlantic Time (Canada),73,en,"","",0,0,1
496048097227575296,en,Sun Aug 03 21:40:57 +0000 2014,"<a href=""http://instagram.com"" rel=""nofollow"">Instagram</a>",,,,819846433,"LONDON, United Kingdom",531,1109,Athens,1982,en,"Pomezia, Rome",IT,41.60876838,12.47498644,0
496048026507812864,en,Sun Aug 03 21:40:40 +0000 2014,"<a href=""http://instagram.com"" rel=""nofollow"">Instagram</a>",,,,2149223978,NYC,169,1307,,719,en,"","",0,0,0
496047445411782656,en,Sun Aug 03 21:38:21 +0000 2014,"<a href=""http://www.botlibre.com"" rel=""nofollow"">BOTlibre!</a>",,,,2413024686,México,170,1,,11148,en,"","",0,0,0
496047092486250496,en,Sun Aug 03 21:36:57 +0000 2014,"<a href=""http://instagram.com"" rel=""nofollow"">Instagram</a>",,,,560879078,805 to the 623,31,33,Arizona,2046,en,"","",0,0,1
496045500903088128,pt,Sun Aug 03 21:30:38 +0000 2014,"<a href=""http://instagram.com"" rel=""nofollow"">Instagram</a>",,,,471946354,Écija,236,237,Athens,3222,es,"","",0,0,0
496044266964418560,en,Sun Aug 03 21:25:43 +0000 2014,"<a href=""http://instagram.com"" rel=""nofollow"">Instagram</a>",,,,785510,Southern California ,2855,574,Pacific Time (US & Canada),36150,en,"","",0,0,1
496044182205521920,en,Sun Aug 03 21:25:23 +0000 2014,"<a href=""http://twitter.com/download/iphone"" rel=""nofollow"">Twitter for iPhone</a>",,,,2672959221,"",373,518,Athens,1894,en,"","",0,0,0
496043106295226368,en,Sun Aug 03 21:21:07 +0000 2014,"<a href=""http://twitter.com"" rel=""nofollow"">Twitter Web Client</a>",,,,490827787,"",20,88,Central Time (US & Canada),59,en,"","",0,0,1
496040843888054272,en,Sun Aug 03 21:12:07 +0000 2014,"<a href=""http://twitter.com"" rel=""nofollow"">Twitter Web Client</a>",,,,2161862906,Fensalir and Kattegatt,560,342,Eastern Time (US & Canada),8151,en,"","",0,0,0
496040696579907585,tr,Sun Aug 03 21:11:32 +0000 2014,"<a href=""http://twitter.com/download/android"" rel=""nofollow"">Twitter for Android</a>",,,,58194831,Türkiye,903,685,Istanbul,10871,tr,"","",0,0,0
496040243833749504,en,Sun Aug 03 21:09:44 +0000 2014,"<a href=""https://www.weasyl.com/"" rel=""nofollow"">Weasyl</a>",,,,2238565758,"",107,0,,13586,en,"","",0,0,0
496039553262563328,en,Sun Aug 03 21:07:00 +0000 2014,"<a href=""http://www.reverbnation.com/"" rel=""nofollow"">ReverbNation</a>",,,,2714800936,"",14,7,,156,en,"","",0,0,0
496039197871194112,en,Sun Aug 03 21:05:35 +0000 2014,"<a href=""https://mobile.twitter.com"" rel=""nofollow"">Mobile Web (M2)</a>",,,,491454899,Somewhere In Gauteng,434,487,,1272,en,"","",0,0,0
496037937352818689,en,Sun Aug 03 21:00:34 +0000 2014,"<a href=""http://instagram.com"" rel=""nofollow"">Instagram</a>",,,,31073214,"Sydney, AUSTRALIA",435,1998,Sydney,8586,en,"","",0,0,1
496037512515567616,es,Sun Aug 03 20:58:53 +0000 2014,"<a href=""http://instagram.com"" rel=""nofollow"">Instagram</a>",,,,263703009,"",675,641,Santiago,13427,es,"","",0,0,1
496037435298824192,pt,Sun Aug 03 20:58:35 +0000 2014,"<a href=""http://instagram.com"" rel=""nofollow"">Instagram</a>",,,,463787749,#España #Burgos #Gamonal,419,759,Dublin,16009,es,"","",0,0,1
496036940756840450,en,Sun Aug 03 20:56:37 +0000 2014,"<a href=""http://instagram.com"" rel=""nofollow"">Instagram</a>",,,,24581589,"San Salvador, El Salvador",5720,2548,Central America,24422,en,"","",0,0,0
496036274810011648,en,Sun Aug 03 20:53:58 +0000 2014,"<a href=""https://dev.twitter.com/docs/tfw"" rel=""nofollow"">Twitter for Websites</a>",,,,2247468558,Limbo City,12,58,Amsterdam,79,pl,"","",0,0,1
496036077476786178,en,Sun Aug 03 20:53:11 +0000 2014,"<a href=""http://instagram.com"" rel=""nofollow"">Instagram</a>",,,,2311566262,"",50,50,,1322,pt,"","",0,0,1
496035978281484288,en,Sun Aug 03 20:52:47 +0000 2014,"<a href=""http://twitter.com/tweeteye_dev"" rel=""nofollow"">Tweet Eye</a>",,,,2530487052,"",23,13,,8054,en,"","",0,0,1
496035405469589504,es,Sun Aug 03 20:50:31 +0000 2014,"<a href=""http://instagram.com"" rel=""nofollow"">Instagram</a>",,,,463787749,#España #Burgos #Gamonal,419,759,Dublin,16009,es,"","",0,0,0
496034818204135424,en,Sun Aug 03 20:48:11 +0000 2014,"<a href=""http://instagram.com"" rel=""nofollow"">Instagram</a>",,,,760430480,FRANCE,503,1880,Paris,4536,fr,"","",0,0,1
496034253264531457,vi,Sun Aug 03 20:45:56 +0000 2014,"<a href=""http://twitter.com/download/iphone"" rel=""nofollow"">Twitter for iPhone</a>",,,,2467793802,神奈川県茅ヶ崎市,732,873,,8026,ja,"","",0,0,1
496033752263315456,en,Sun Aug 03 20:43:57 +0000 2014,"<a href=""http://instagram.com"" rel=""nofollow"">Instagram</a>",,,,760430480,FRANCE,503,1880,Paris,4536,fr,"","",0,0,0
496033034596917248,en,Sun Aug 03 20:41:05 +0000 2014,"<a href=""https://www.weasyl.com/"" rel=""nofollow"">Weasyl</a>",,,,2251384669,"",26,0,,2561,en,"","",0,0,1
496032973960273920,en,Sun Aug 03 20:40:51 +0000 2014,"<a href=""http://www.cloudhopper.com/"" rel=""nofollow"">Cloudhopper</a>",,275305046,Chewster2e,113949656,florida,2612,1551,Eastern Time (US & Canada),144320,en,"","",0,0,1
496030988078944256,en,Sun Aug 03 20:32:58 +0000 2014,"<a href=""http://twitter.com/download/android"" rel=""nofollow"">Twitter for Android</a>",,,,275305046,New York,7129,7307,Eastern Time (US & Canada),52137,en,"","",0,0,1
496029997078155265,fr,Sun Aug 03 20:29:01 +0000 2014,"<a href=""http://twitter.com/download/iphone"" rel=""nofollow"">Twitter for iPhone</a>",496029420071952384,1885850023,Buttercup_fr,2701086272,"",48,27,,343,fr,"","",0,0,0
496029049400336384,en,Sun Aug 03 20:25:15 +0000 2014,"<a href=""http://twitter.com/download/iphone"" rel=""nofollow"">Twitter for iPhone</a>",,,,260367984,chile,1562,1958,Santiago,19450,es,"","",0,0,0
496028741768736768,en,Sun Aug 03 20:24:02 +0000 2014,"<a href=""http://ifttt.com"" rel=""nofollow"">IFTTT</a>",,,,258235055,"Ballgames, movies, bars...",378,648,Pacific Time (US & Canada),112207,en,"","",0,0,1
496026461451452418,en,Sun Aug 03 20:14:58 +0000 2014,"<a href=""http://instagram.com"" rel=""nofollow"">Instagram</a>",,,,106581497,"Chicago, IL",138,184,,1429,en,"","",0,0,0
496026391683411968,sk,Sun Aug 03 20:14:42 +0000 2014,"<a href=""http://instagram.com"" rel=""nofollow"">Instagram</a>",,,,356676175,Paris,120,928,Paris,907,fr,"","",0,0,0
496026186016096256,en,Sun Aug 03 20:13:53 +0000 2014,"<a href=""http://twitter.com"" rel=""nofollow"">Twitter Web Client</a>",,,,282189177,down but not out ... B.C. ,1098,2001,Arizona,11249,en,"","",0,0,1
496025775376961536,en,Sun Aug 03 20:12:15 +0000 2014,"<a href=""http://twitter.com"" rel=""nofollow"">Twitter Web Client</a>",,,,476338815,"",2240,2011,Atlantic Time (Canada),71980,en,"","",0,0,1
496023933255024641,en,Sun Aug 03 20:04:56 +0000 2014,"<a href=""http://instagram.com"" rel=""nofollow"">Instagram</a>",,,,16868993,nashville,882,199,Central Time (US & Canada),4135,en,"","",0,0,0
496022547549659137,en,Sun Aug 03 19:59:25 +0000 2014,"<a href=""http://ifttt.com"" rel=""nofollow"">IFTTT</a>",,,,801207132,"",16,17,,655,en,"","",0,0,0
496021878096809984,vi,Sun Aug 03 19:56:46 +0000 2014,"<a href=""http://twitter.com/download/android"" rel=""nofollow"">Twitter for Android</a>",,,,2536336019,"",1166,1550,,6994,es,"","",0,0,1
496021215195463681,en,Sun Aug 03 19:54:07 +0000 2014,"<a href=""http://linkis.com"" rel=""nofollow"">Linkis.com</a>",,,,300428054,dark side of the moon,428,209,,38407,en,"","",0,0,0
496020903722225664,en,Sun Aug 03 19:52:53 +0000 2014,"<a href=""http://instagram.com"" rel=""nofollow"">Instagram</a>",,,,85606329,FR,391,94,Paris,16430,fr,"","",0,0,1
496020876463472640,en,Sun Aug 03 19:52:47 +0000 2014,"<a href=""http://twitter.com/tweeteye_dev"" rel=""nofollow"">Tweet Eye</a>",,,,2530487052,"",23,13,,8054,en,"","",0,0,1
496020206448574464,en,Sun Aug 03 19:50:07 +0000 2014,"<a href=""http://www.hootsuite.com"" rel=""nofollow"">Hootsuite</a>",,,,18463932,"",610,753,Central Time (US & Canada),14613,en,"","",0,0,0
496016472800768001,en,Sun Aug 03 19:35:17 +0000 2014,"<a href=""http://instagram.com"" rel=""nofollow"">Instagram</a>",,,,459573795,Florida/ España/Gotham City,851,764,Central Time (US & Canada),19990,en,"","",0,0,1
496016330504822785,en,Sun Aug 03 19:34:43 +0000 2014,"<a href=""http://twitter.com"" rel=""nofollow"">Twitter Web Client</a>",,,,2253319542,"Naples, FL",182,11,,46710,en,"","",0,0,1
496015166707105792,en,Sun Aug 03 19:30:05 +0000 2014,"<a href=""http://twitter.com"" rel=""nofollow"">Twitter Web Client</a>",,,,1376403260,"",9247,8410,Baghdad,50566,tr,"","",0,0,0
496014708688683008,en,Sun Aug 03 19:28:16 +0000 2014,"<a href=""http://instagram.com"" rel=""nofollow"">Instagram</a>",,,,53704777,UK,1604,793,,13090,en,"","",0,0,1
496014479684300800,en,Sun Aug 03 19:27:22 +0000 2014,"<a href=""http://instagram.com"" rel=""nofollow"">Instagram</a>",,,,40119975,Detroit Mi ,37,47,,793,en,"","",0,0,0
496011804494295040,en,Sun Aug 03 19:16:44 +0000 2014,"<a href=""http://twitter.com"" rel=""nofollow"">Twitter Web Client</a>",,,,2253319542,"Naples, FL",182,11,,46710,en,"","",0,0,1
496009239761281025,es,Sun Aug 03 19:06:32 +0000 2014,"<a href=""http://ifttt.com"" rel=""nofollow"">IFTTT</a>",,,,2421680420,"",825,1,Chennai,121930,en,"","",0,0,0
496009177194856448,en,Sun Aug 03 19:06:17 +0000 2014,"<a href=""http://twitter.com"" rel=""nofollow"">Twitter Web Client</a>",,,,2478011150,Russia,845,580,,16229,ru,"","",0,0,0
496008476389552128,en,Sun Aug 03 19:03:30 +0000 2014,"<a href=""http://twitter.com/download/iphone"" rel=""nofollow"">Twitter for iPhone</a>",,,,1864661340,"",770,586,Hawaii,13385,pt,"","",0,0,0
496008403110875136,en,Sun Aug 03 19:03:13 +0000 2014,"<a href=""http://twitter.com/download/android"" rel=""nofollow"">Twitter for Android</a>",496008303949119490,1856390269,fadiiinabiiil,2534620498,Every where,882,814,Cairo,19680,en,"","",0,0,0
496008116824064000,en,Sun Aug 03 19:02:05 +0000 2014,"<a href=""https://dev.twitter.com/docs/tfw"" rel=""nofollow"">Twitter for Websites</a>",,,,16328542,Deep in the woods of the Ozark,1381,1907,Central Time (US & Canada),33684,en,"","",0,0,1
496007937006260224,en,Sun Aug 03 19:01:22 +0000 2014,"<a href=""http://twitter.com/download/iphone"" rel=""nofollow"">Twitter for iPhone</a>",,,,1739164951,nighthunter,4843,4098,Mid-Atlantic,64040,pt,"","",0,0,0
496007749772513280,en,Sun Aug 03 19:00:37 +0000 2014,"<a href=""http://twitter.com/download/iphone"" rel=""nofollow"">Twitter for iPhone</a>",,,,2304742921,lovato,83,94,Baghdad,288,tr,"","",0,0,0
496007574043762688,en,Sun Aug 03 18:59:55 +0000 2014,"<a href=""http://twitter.com/download/iphone"" rel=""nofollow"">Twitter for iPhone</a>",,,,146964294,sou do gustavo,8927,7817,Santiago,85790,pt,"","",0,0,0
496007398109487105,en,Sun Aug 03 18:59:13 +0000 2014,"<a href=""http://twitter.com/download/android"" rel=""nofollow"">Twitter for Android</a>",,,,1223457468,"",3122,851,Brasilia,118622,en,"","",0,0,0
496007300885520384,en,Sun Aug 03 18:58:50 +0000 2014,"<a href=""http://twitter.com"" rel=""nofollow"">Twitter Web Client</a>",,,,2223447913,sou da grazi ♡,1336,883,Mid-Atlantic,10650,pt,"","",0,0,0
496007254597201920,en,Sun Aug 03 18:58:39 +0000 2014,"<a href=""http://twitter.com/download/android"" rel=""nofollow"">Twitter for Android</a>",,,,431184925,bea minha cadela ♥,9327,8620,Greenland,64158,pt,"","",0,0,0
496007225895161857,en,Sun Aug 03 18:58:32 +0000 2014,"<a href=""http://twitter.com/#!/download/ipad"" rel=""nofollow"">Twitter for iPad</a>",,,,76410916,Airport Worldwide,363,1270,,6574,en,"","",0,0,0
496005774926434304,en,Sun Aug 03 18:52:46 +0000 2014,"<a href=""http://twitter.com/tweeteye_dev"" rel=""nofollow"">Tweet Eye</a>",,,,2530487052,"",23,13,,8054,en,"","",0,0,1
496005177582026753,en,Sun Aug 03 18:50:24 +0000 2014,"<a href=""http://vine.co"" rel=""nofollow"">Vine - Make a Scene</a>",,,,1368847292,"",378,312,Atlantic Time (Canada),3832,en,"","",0,0,0
496004986963120128,en,Sun Aug 03 18:49:38 +0000 2014,"<a href=""http://instagram.com"" rel=""nofollow"">Instagram</a>",,,,531678694,Climbing to the TOP ,56,70,Mexico City,147,es,"","",0,0,0
496004329195966464,en,Sun Aug 03 18:47:02 +0000 2014,"<a href=""http://twitter.com/download/iphone"" rel=""nofollow"">Twitter for iPhone</a>",,,,800359844,"",775,439,Athens,24976,fr,"","",0,0,0
496002919482003456,en,Sun Aug 03 18:41:25 +0000 2014,"<a href=""http://twitter.com/download/iphone"" rel=""nofollow"">Twitter for iPhone</a>",,,,147157350,kingussloluniverse,1340,2001,Budapest,32485,en,"","",0,0,0
496002835931070464,tr,Sun Aug 03 18:41:06 +0000 2014,"<a href=""http://instagram.com"" rel=""nofollow"">Instagram</a>",,,,190604851,"",21041,9864,Quito,28506,tr,"","",0,0,0
496002790897229824,en,Sun Aug 03 18:40:55 +0000 2014,"<a href=""http://twitter.com/download/android"" rel=""nofollow"">Twitter for Android</a>",,,,1201372310,"",13,26,,1,en,"","",0,0,0
496002611141951488,en,Sun Aug 03 18:40:12 +0000 2014,"<a href=""http://twitter.com"" rel=""nofollow"">Twitter Web Client</a>",,,,2357269076,"Brooklyn, New York. ",3334,3661,,6449,en,"","",0,0,0
496002484964708352,en,Sun Aug 03 18:39:42 +0000 2014,"<a href=""http://www.apple.com"" rel=""nofollow"">iOS</a>",,,,41432870,"",1222,1802,Central Time (US & Canada),10752,en,"","",0,0,0
496000830576033793,en,Sun Aug 03 18:33:07 +0000 2014,"<a href=""http://twitter.com/download/iphone"" rel=""nofollow"">Twitter for iPhone</a>",,,,61523573,Sunderland/UK ,1032,684,London,17692,en,"","",0,0,0
496000575621062656,en,Sun Aug 03 18:32:07 +0000 2014,"<a href=""http://twitter.com/download/iphone"" rel=""nofollow"">Twitter for iPhone</a>",,,,571802372,"",494,142,,2899,en,"","",0,0,0
496000423174868992,en,Sun Aug 03 18:31:30 +0000 2014,"<a href=""http://twitter.com"" rel=""nofollow"">Twitter Web Client</a>",,,,1280958870,Toronto,1148,475,Eastern Time (US & Canada),3132,en,"","",0,0,1
496000381181112320,en,Sun Aug 03 18:31:20 +0000 2014,"<a href=""http://instagram.com"" rel=""nofollow"">Instagram</a>",,,,129353626,"New York, NY",902,1895,Eastern Time (US & Canada),2659,en,"","",0,0,0
495999942691799041,en,Sun Aug 03 18:29:36 +0000 2014,"<a href=""http://instagram.com"" rel=""nofollow"">Instagram</a>",,,,1487191464,"Opp, Alabama",147,178,Eastern Time (US & Canada),660,en,"","",0,0,0
495999836043632641,en,Sun Aug 03 18:29:10 +0000 2014,"<a href=""http://twitter.com/download/android"" rel=""nofollow"">Twitter for Android</a>",,,,141702700,This is Elmo ,325,590,London,22842,en,"","",0,0,1
495999771145166848,en,Sun Aug 03 18:28:55 +0000 2014,"<a href=""http://twitter.com/download/iphone"" rel=""nofollow"">Twitter for iPhone</a>",,,,1018428570,babi tvd twolf,2517,2243,Mid-Atlantic,21375,pt,"","",0,0,0
495998922989772801,en,Sun Aug 03 18:25:33 +0000 2014,"<a href=""http://twitter.com"" rel=""nofollow"">Twitter Web Client</a>",,,,2205760483,ian somerhalder,2211,1541,Mid-Atlantic,15808,pt,"","",0,0,0
495998883873693696,en,Sun Aug 03 18:25:23 +0000 2014,"<a href=""https://twitter.com/download/android"" rel=""nofollow"">Twitter for  Android</a>",,,,2209143187,jobathas ,1060,842,Mid-Atlantic,17420,pt,"","",0,0,0
495998800381894656,en,Sun Aug 03 18:25:03 +0000 2014,"<a href=""http://twitter.com"" rel=""nofollow"">Twitter Web Client</a>",,,,550269655,"",6253,6186,Brasilia,83929,pt,"","",0,0,0
495998549105340416,en,Sun Aug 03 18:24:03 +0000 2014,"<a href=""http://twitter.com/download/iphone"" rel=""nofollow"">Twitter for iPhone</a>",,,,391460889,"",1312,867,,8772,en,"","",0,0,0
495998400312410112,en,Sun Aug 03 18:23:28 +0000 2014,"<a href=""http://twitter.com/download/iphone"" rel=""nofollow"">Twitter for iPhone</a>",,,,488792886,"",197,205,,1327,en,"","",0,0,1
495998383836786688,pt,Sun Aug 03 18:23:24 +0000 2014,"<a href=""http://www.google.com/"" rel=""nofollow"">Google</a>",,,,462096817,"",6074,3684,Brasilia,32169,pt,"","",0,0,1
495996807571202049,en,Sun Aug 03 18:17:08 +0000 2014,"<a href=""http://instagram.com"" rel=""nofollow"">Instagram</a>",,,,700015004,Rivendel,169,164,Amsterdam,6726,es,"Jaen, Jaen",ES,37.76783338,-3.78753977,0
495996775002812417,fr,Sun Aug 03 18:17:01 +0000 2014,"<a href=""http://www.bbotmaker.com/"" rel=""nofollow"">BBotMaker - Bot à mots-clés</a>",,,,1443213788,"",865,2005,,46807,fr,"","",0,0,0
495996745479094272,fr,Sun Aug 03 18:16:53 +0000 2014,"<a href=""http://www.bbotmaker.com/"" rel=""nofollow"">BBotMaker - Bot à mots-clés</a>",,,,2459960364,Paradise - USA. ,369,254,,26299,en,"","",0,0,0
495996727372283906,fr,Sun Aug 03 18:16:49 +0000 2014,"<a href=""http://www.bbotmaker.com/"" rel=""nofollow"">BBotMaker - Bot à mots-clés</a>",,,,1243599300,"",2791,1,,131788,fr,"","",0,0,0
495996550095437826,en,Sun Aug 03 18:16:07 +0000 2014,"<a href=""http://instagram.com"" rel=""nofollow"">Instagram</a>",,,,1621460262,Staffordshire UK,54,63,London,617,en,"","",0,0,1
495996488775110656,fr,Sun Aug 03 18:15:52 +0000 2014,"<a href=""http://twitter.com/download/android"" rel=""nofollow"">Twitter for Android</a>",,,,2243078434,"",165,588,,1366,fr,"","",0,0,0
495994565443457024,fr,Sun Aug 03 18:08:14 +0000 2014,"<a href=""http://www.bbotmaker.com/"" rel=""nofollow"">BBotMaker - Bot à mots-clés</a>",,,,1243599300,"",2791,1,,131788,fr,"","",0,0,0
495994462368444417,fr,Sun Aug 03 18:07:49 +0000 2014,"<a href=""http://www.bbotmaker.com/"" rel=""nofollow"">BBotMaker - Bot à mots-clés</a>",,,,1443213788,"",865,2005,,46807,fr,"","",0,0,0
495994278607613952,fr,Sun Aug 03 18:07:05 +0000 2014,"<a href=""http://twitter.com"" rel=""nofollow"">Twitter Web Client</a>",,,,1704839491,Planète terre,24,86,,174,fr,"","",0,0,0
495993927024250880,tr,Sun Aug 03 18:05:41 +0000 2014,"<a href=""http://ifttt.com"" rel=""nofollow"">IFTTT</a>",,,,2463735002,Новосибирск,448,29,Novosibirsk,99320,ru,"","",0,0,1
495993842584129536,en,Sun Aug 03 18:05:21 +0000 2014,"<a href=""http://instagram.com"" rel=""nofollow"">Instagram</a>",,,,204001786,Maurolas,237,70,Sarajevo,6675,es,"","",0,0,0
495993212784627713,en,Sun Aug 03 18:02:51 +0000 2014,"<a href=""http://twitter.com"" rel=""nofollow"">Twitter Web Client</a>",,,,2269299020,Argentina,549,582,Buenos Aires,5191,es,"","",0,0,0
495992936878723072,en,Sun Aug 03 18:01:45 +0000 2014,"<a href=""http://instagram.com"" rel=""nofollow"">Instagram</a>",,,,204001786,Maurolas,237,70,Sarajevo,6675,es,"","",0,0,0
495992898182459392,en,Sun Aug 03 18:01:36 +0000 2014,"<a href=""http://instagram.com"" rel=""nofollow"">Instagram</a>",,,,1352361812,Bogota,281,346,,1120,es,"","",0,0,0
495991363629240320,en,Sun Aug 03 17:55:30 +0000 2014,"<a href=""http://twitter.com/download/iphone"" rel=""nofollow"">Twitter for iPhone</a>",495987233053483008,95930082,yolkie_,131322710,Enjoying mid-table superiority,1910,1123,Copenhagen,43676,en,"","",0,0,0
495991351994224641,en,Sun Aug 03 17:55:28 +0000 2014,"<a href=""http://instagram.com"" rel=""nofollow"">Instagram</a>",,,,231471413,Puebla,150,120,Mountain Time (US & Canada),6140,es,"","",0,0,1
495990673133568001,en,Sun Aug 03 17:52:46 +0000 2014,"<a href=""http://twitter.com/tweeteye_dev"" rel=""nofollow"">Tweet Eye</a>",,,,2530487052,"",23,13,,8054,en,"","",0,0,1
495990077487841281,en,Sun Aug 03 17:50:24 +0000 2014,"<a href=""http://twitter.com/download/iphone"" rel=""nofollow"">Twitter for iPhone</a>",,,,593458682,"Orenburg, Russia",274,136,Abu Dhabi,5462,ru,"","",0,0,0
495989776592683008,en,Sun Aug 03 17:49:12 +0000 2014,"<a href=""http://instagram.com"" rel=""nofollow"">Instagram</a>",,,,483287363,Tegucigalpa Honduras,677,517,,14062,es,"","",0,0,0
495989738562945026,en,Sun Aug 03 17:49:03 +0000 2014,"<a href=""http://twitter.com/download/android"" rel=""nofollow"">Twitter for Android</a>",,,,1329692724,"",2009,1952,,11956,en,"","",0,0,0
495989192984637440,en,Sun Aug 03 17:46:53 +0000 2014,"<a href=""http://twitter.com/download/android"" rel=""nofollow"">Twitter for Android</a>",,,,2519774044,/Chile y ke pasah :3,181,669,,156,es,"","",0,0,0
495988565114101762,fr,Sun Aug 03 17:44:23 +0000 2014,"<a href=""http://twitter.com/download/iphone"" rel=""nofollow"">Twitter for iPhone</a>",495987948299755520,541828497,SameLovz,2701086272,"",48,27,,343,fr,"","",0,0,0
495987854515134464,en,Sun Aug 03 17:41:34 +0000 2014,"<a href=""http://instagram.com"" rel=""nofollow"">Instagram</a>",,,,215479645,NJ,418,598,Eastern Time (US & Canada),505,en,"Pompton Lakes, NJ",US,41.00837778,-74.29593667,1
495987657642872832,en,Sun Aug 03 17:40:47 +0000 2014,"<a href=""http://twitter.com/download/iphone"" rel=""nofollow"">Twitter for iPhone</a>",,,,1242527870,"Dallas, TX",107,177,Central Time (US & Canada),6114,en,"","",0,0,1
495987569851506689,ko,Sun Aug 03 17:40:26 +0000 2014,"<a href=""http://twitter.com"" rel=""nofollow"">Twitter Web Client</a>",,,,2166602677,종대,82,243,Seoul,11622,ko,"","",0,0,0
495987443732987904,ko,Sun Aug 03 17:39:56 +0000 2014,"<a href=""http://twitter.com/download/android"" rel=""nofollow"">Twitter for Android</a>",,,,2554805652,또 천국의 넥타보다 달콤했던,57,68,,6729,ko,"","",0,0,0
495986884158312448,es,Sun Aug 03 17:37:42 +0000 2014,"<a href=""http://instagram.com"" rel=""nofollow"">Instagram</a>",,,,390884409,Jah Atmosphere,469,372,,1066,es,"","",0,0,1
495986779342639104,en,Sun Aug 03 17:37:17 +0000 2014,"<a href=""http://instagram.com"" rel=""nofollow"">Instagram</a>",,,,1638220544,Bands bands bands bands.,1274,1186,Athens,9840,en-gb,"","",0,0,0
495986078336417793,en,Sun Aug 03 17:34:30 +0000 2014,"<a href=""http://twitter.com/download/iphone"" rel=""nofollow"">Twitter for iPhone</a>",,,,2362120110,"",24,21,Eastern Time (US & Canada),437,en,"","",0,0,0
495984966405472258,en,Sun Aug 03 17:30:05 +0000 2014,"<a href=""http://www.facebook.com/twitter"" rel=""nofollow"">Facebook</a>",,,,2497981383,"",306,303,,2612,en,"","",0,0,0
495984703770730496,de,Sun Aug 03 17:29:02 +0000 2014,"<a href=""http://otyre.com"" rel=""nofollow"">asdasdafafsf</a>",,,,2390572530,"",632,1097,Baghdad,64721,ru,"","",0,0,0
495984027560845312,en,Sun Aug 03 17:26:21 +0000 2014,"<a href=""http://twitter.com"" rel=""nofollow"">Twitter Web Client</a>",,,,2454521520,U.S.A. California,1606,1678,Baghdad,15054,en,"","",0,0,0
495984002277572608,en,Sun Aug 03 17:26:15 +0000 2014,"<a href=""http://twitter.com/download/iphone"" rel=""nofollow"">Twitter for iPhone</a>",,,,2540528680,"",367,806,,4258,fr,"","",0,0,0
495983764917338113,ja,Sun Aug 03 17:25:19 +0000 2014,"<a href=""http://twittbot.net/"" rel=""nofollow"">twittbot.net</a>",,,,511925331,Aichi Jpan,1473,1115,,41437,ja,"","",0,0,1
495983198669930496,en,Sun Aug 03 17:23:04 +0000 2014,"<a href=""https://mobile.twitter.com"" rel=""nofollow"">Mobile Web (M2)</a>",,,,2593562605,#TeenWolf,204,343,,84,tr,"","",0,0,0
495983115706576896,fr,Sun Aug 03 17:22:44 +0000 2014,"<a href=""http://twitter.com/download/iphone"" rel=""nofollow"">Twitter for iPhone</a>",,,,2258415987,mystic falls,2575,1827,Amsterdam,26591,fr,"","",0,0,0
495982825787899904,es,Sun Aug 03 17:21:35 +0000 2014,"<a href=""http://instagram.com"" rel=""nofollow"">Instagram</a>",,,,292053346,"",142,150,Central Time (US & Canada),2554,en,"","",0,0,0
495982810264764417,fr,Sun Aug 03 17:21:31 +0000 2014,"<a href=""http://twitter.com/download/iphone"" rel=""nofollow"">Twitter for iPhone</a>",,,,2701086272,"",48,27,,343,fr,"","",0,0,0
495982630417215488,en,Sun Aug 03 17:20:48 +0000 2014,"<a href=""http://www.apple.com"" rel=""nofollow"">iOS</a>",,,,15406715,NH-USA,193,272,Quito,1894,en,"","",0,0,1
495982256398147584,en,Sun Aug 03 17:19:19 +0000 2014,"<a href=""http://twitter.com/download/android"" rel=""nofollow"">Twitter for Android</a>",,,,231941727,Planet Earth ,182,268,Quito,7037,en,"","",0,0,0
495982091889164288,en,Sun Aug 03 17:18:40 +0000 2014,"<a href=""http://instagram.com"" rel=""nofollow"">Instagram</a>",,,,192380703,Pernambuco,92,306,Brasilia,1316,pt,"","",0,0,1
495981572123013121,en,Sun Aug 03 17:16:36 +0000 2014,"<a href=""http://twitter.com/download/iphone"" rel=""nofollow"">Twitter for iPhone</a>",,,,440396080,Long Island,426,358,Central Time (US & Canada),2228,en,"","",0,0,1
495980610272653312,fr,Sun Aug 03 17:12:47 +0000 2014,"<a href=""http://twitter.com/download/iphone"" rel=""nofollow"">Twitter for iPhone</a>",,,,2258415987,mystic falls,2575,1827,Amsterdam,26591,fr,"","",0,0,0
495980464092749824,en,Sun Aug 03 17:12:12 +0000 2014,"<a href=""http://twitter.com"" rel=""nofollow"">Twitter Web Client</a>",,,,2253319542,"Naples, FL",182,11,,46710,en,"","",0,0,1
495980412217614336,fr,Sun Aug 03 17:11:59 +0000 2014,"<a href=""http://twitter.com/download/iphone"" rel=""nofollow"">Twitter for iPhone</a>",495977016286793729,2258415987,catisomerhalder,2701086272,"",48,27,,343,fr,"","",0,0,0
495979797533962241,en,Sun Aug 03 17:09:33 +0000 2014,"<a href=""http://instagram.com"" rel=""nofollow"">Instagram</a>",,,,176468910,Belize,396,269,Pacific Time (US & Canada),9456,en,"","",0,0,1
495979662783176704,es,Sun Aug 03 17:09:01 +0000 2014,"<a href=""http://instagram.com"" rel=""nofollow"">Instagram</a>",,,,74288074,"Ontario, Canada",485,484,Greenland,18216,en,"","",0,0,0
495977164073078784,en,Sun Aug 03 16:59:05 +0000 2014,"<a href=""http://twitter.com/download/android"" rel=""nofollow"">Twitter for Android</a>",,,,1861439180,Beys ,11246,950,Athens,41868,tr,"","",0,0,0
495976213748645888,in,Sun Aug 03 16:55:18 +0000 2014,"<a href=""http://ifttt.com"" rel=""nofollow"">IFTTT</a>",,,,936214118,"Puebla, México",231,153,Mexico City,6868,es,"","",0,0,1
495976141270679552,en,Sun Aug 03 16:55:01 +0000 2014,"<a href=""https://dev.twitter.com/docs/tfw"" rel=""nofollow"">Twitter for Websites</a>",,,,2230740295,United States,14,5,Eastern Time (US & Canada),877,en,"","",0,0,0
495976128000303104,en,Sun Aug 03 16:54:58 +0000 2014,"<a href=""http://instagram.com"" rel=""nofollow"">Instagram</a>",,,,708699120,"Okinawa, Japan",46,116,Seoul,746,en,"Washington, DC",US,38.89511111,-77.03666667,0
495975570745077760,en,Sun Aug 03 16:52:45 +0000 2014,"<a href=""http://twitter.com/tweeteye_dev"" rel=""nofollow"">Tweet Eye</a>",,,,2530487052,"",23,13,,8054,en,"","",0,0,1
495974378979753985,en,Sun Aug 03 16:48:01 +0000 2014,"<a href=""http://instagram.com"" rel=""nofollow"">Instagram</a>",,,,463812460,MERSİN,1481,188,Athens,2816,tr,"","",0,0,1
495972764143337472,en,Sun Aug 03 16:41:36 +0000 2014,"<a href=""http://twitter.com/download/android"" rel=""nofollow"">Twitter for Android</a>",,,,346296384,"Dallas, TX",261,252,Eastern Time (US & Canada),3084,en,"Texas, USA",US,32.865643,-96.9315106,0
495972371862257664,ar,Sun Aug 03 16:40:02 +0000 2014,"<a href=""http://twitter.com"" rel=""nofollow"">Twitter Web Client</a>",,,,877555686,Syria,65,560,Baghdad,680,en,"","",0,0,1
495971799977713666,en,Sun Aug 03 16:37:46 +0000 2014,"<a href=""http://instagram.com"" rel=""nofollow"">Instagram</a>",,,,910418966,"",277,338,,563,en,"","",0,0,1
495970605175668736,en,Sun Aug 03 16:33:01 +0000 2014,"<a href=""http://twitter.com/download/android"" rel=""nofollow"">Twitter for Android</a>",,,,476175483,Belfast,2511,227,,26254,en,"","",0,0,0
495970451425083392,en,Sun Aug 03 16:32:24 +0000 2014,"<a href=""http://twitter.com"" rel=""nofollow"">Twitter Web Client</a>",,,,227314045,where i'm meant to be....,1125,604,Greenland,30203,en,"","",0,0,0
495970325897969666,en,Sun Aug 03 16:31:55 +0000 2014,"<a href=""http://twitter.com/download/android"" rel=""nofollow"">Twitter for Android</a>",,,,1273452732, UK/Worldwide,1151,2001,Casablanca,8856,en,"","",0,0,0
495969947391365121,en,Sun Aug 03 16:30:24 +0000 2014,"<a href=""http://bufferapp.com"" rel=""nofollow"">Buffer</a>",,,,966488396,United Kingdom,1710,1322,Warsaw,1305,en-gb,"","",0,0,1
495968830456614913,en,Sun Aug 03 16:25:58 +0000 2014,"<a href=""http://ifttt.com"" rel=""nofollow"">IFTTT</a>",,,,548359494,Worldwide,1328,275,Chennai,216160,en,"","",0,0,1
495967172666351616,en,Sun Aug 03 16:19:23 +0000 2014,"<a href=""http://ifttt.com"" rel=""nofollow"">IFTTT</a>",,,,2409726529,Fort Lauderdale,591,0,Eastern Time (US & Canada),64079,en,"","",0,0,1
495966637481541632,en,Sun Aug 03 16:17:15 +0000 2014,"<a href=""http://www.tumblr.com/"" rel=""nofollow"">Tumblr</a>",,,,17599125,"Mission Viejo, CA",211,814,Eastern Time (US & Canada),573,en,"","",0,0,1
495965861761806336,en,Sun Aug 03 16:14:10 +0000 2014,"<a href=""http://twitter.com"" rel=""nofollow"">Twitter Web Client</a>",,,,2582162605,"",1434,1337,Brasilia,1184,pt,"","",0,0,0
495965493761945600,ja,Sun Aug 03 16:12:42 +0000 2014,"<a href=""http://instagram.com"" rel=""nofollow"">Instagram</a>",,,,535257352,スカブミ,46964,84,Bangkok,5848,en,"","",0,0,0
495965256620183552,en,Sun Aug 03 16:11:46 +0000 2014,"<a href=""http://twitter.com"" rel=""nofollow"">Twitter Web Client</a>",,,,17568801,Illadelph,61,331,Pacific Time (US & Canada),109,en,"","",0,0,0
495964792105218048,en,Sun Aug 03 16:09:55 +0000 2014,"<a href=""http://twitter.com"" rel=""nofollow"">Twitter Web Client</a>",,,,2253319542,"Naples, FL",182,11,,46710,en,"","",0,0,1
495963576168091648,pt,Sun Aug 03 16:05:05 +0000 2014,"<a href=""http://instagram.com"" rel=""nofollow"">Instagram</a>",,,,214189143,Santos,237,145,Brasilia,4742,pt,"","",0,0,0
495961792187990016,sk,Sun Aug 03 15:58:00 +0000 2014,"<a href=""http://instagram.com"" rel=""nofollow"">Instagram</a>",,,,1175679692,"",136,223,,755,it,"","",0,0,1
495960469174517762,en,Sun Aug 03 15:52:45 +0000 2014,"<a href=""http://twitter.com/tweeteye_dev"" rel=""nofollow"">Tweet Eye</a>",,,,2530487052,"",23,13,,8054,en,"","",0,0,1
495960415726477312,en,Sun Aug 03 15:52:32 +0000 2014,"<a href=""http://www.facebook.com/twitter"" rel=""nofollow"">Facebook</a>",,,,27538091,WA,91,18,Pacific Time (US & Canada),5783,en,"","",0,0,1
495959571781799936,ja,Sun Aug 03 15:49:11 +0000 2014,"<a href=""http://twitter.com/download/android"" rel=""nofollow"">Twitter for Android</a>",,,,1572236018,"",300,226,,8199,ja,"","",0,0,0
495958904455835648,de,Sun Aug 03 15:46:31 +0000 2014,"<a href=""http://www.facebook.com/twitter"" rel=""nofollow"">Facebook</a>",,,,855723116,Surabaya,44,103,Bangkok,56,id,"","",0,0,0
495958211074461696,en,Sun Aug 03 15:43:46 +0000 2014,"<a href=""http://www.facebook.com/twitter"" rel=""nofollow"">Facebook</a>",,,,436880915,Western Wisconsin,480,323,Eastern Time (US & Canada),3556,en,"","",0,0,1
495957007602835456,en,Sun Aug 03 15:38:59 +0000 2014,"<a href=""http://instagram.com"" rel=""nofollow"">Instagram</a>",,,,21834539,"Philadelphia, PA",253,227,Eastern Time (US & Canada),8298,en,"","",0,0,0
495956819731161088,en,Sun Aug 03 15:38:14 +0000 2014,"<a href=""https://dev.twitter.com/docs/tfw"" rel=""nofollow"">Twitter for Websites</a>",,,,1154414490,"",95,290,Amsterdam,487,en,"","",0,0,0
495956472443179008,en,Sun Aug 03 15:36:52 +0000 2014,"<a href=""http://twitter.com/download/iphone"" rel=""nofollow"">Twitter for iPhone</a>",,,,284161978,"Clitheroe, UK",1496,1546,London,5719,en,"","",0,0,0
495956292956336128,en,Sun Aug 03 15:36:09 +0000 2014,"<a href=""http://twitter.com"" rel=""nofollow"">Twitter Web Client</a>",,,,36354236,reading berkshire,940,1956,Amsterdam,8853,en,"","",0,0,0
495956131479846913,en,Sun Aug 03 15:35:30 +0000 2014,"<a href=""http://instagram.com"" rel=""nofollow"">Instagram</a>",,,,305754579,"",202,229,Eastern Time (US & Canada),12647,es,"","",0,0,1
495955479030284288,en,Sun Aug 03 15:32:55 +0000 2014,"<a href=""http://blackberry.com/twitter"" rel=""nofollow"">Twitter for BlackBerry®</a>",,,,454710118,South Africa,247,300,,14647,en,"","",0,0,1
495953562602864640,vi,Sun Aug 03 15:25:18 +0000 2014,"<a href=""http://www.facebook.com/twitter"" rel=""nofollow"">Facebook</a>",,,,593507830,"Salvador, Bahia",39,83,Brasilia,1025,pt,"","",0,0,0
495952358971809792,en,Sun Aug 03 15:20:31 +0000 2014,"<a href=""http://gremln.com"" rel=""nofollow"">Gremln</a>",,,,237030964,France,199,92,,30144,en,"","",0,0,1
495952266881662977,en,Sun Aug 03 15:20:09 +0000 2014,"<a href=""https://mobile.twitter.com"" rel=""nofollow"">Mobile Web (M5)</a>",,,,2464554291,rochester kent ,8,62,,9,en,"","",0,0,1
495951159874818048,en,Sun Aug 03 15:15:45 +0000 2014,"<a href=""http://twitter.com"" rel=""nofollow"">Twitter Web Client</a>",,,,1474935253,"",144,155,Athens,268,hu,"","",0,0,0
495951040651354114,vi,Sun Aug 03 15:15:17 +0000 2014,"<a href=""http://twitter.com"" rel=""nofollow"">Twitter Web Client</a>",,,,1007935825,"",410,1242,Atlantic Time (Canada),523,en,"","",0,0,1
495950739806904320,en,Sun Aug 03 15:14:05 +0000 2014,"<a href=""http://twitter.com/download/android"" rel=""nofollow"">Twitter for Android</a>",,,,2364589200,"",231,331,,441,en,"","",0,0,1
495950413280325632,en,Sun Aug 03 15:12:47 +0000 2014,"<a href=""http://twitter.com/download/iphone"" rel=""nofollow"">Twitter for iPhone</a>",,,,292302927,"",310,575,Amsterdam,2909,en,"","",0,0,1
495950350374162432,vi,Sun Aug 03 15:12:32 +0000 2014,"<a href=""http://twitter.com"" rel=""nofollow"">Twitter Web Client</a>",,,,937883534,"Rio de Janeiro, RJ, Brasil",102,1094,Brasilia,240,pt,"","",0,0,1
495949641855541248,en,Sun Aug 03 15:09:43 +0000 2014,"<a href=""http://instagram.com"" rel=""nofollow"">Instagram</a>",,,,106140670,"Long Island, New York",280,330,Eastern Time (US & Canada),11390,en,"","",0,0,1
495949637321519104,en,Sun Aug 03 15:09:42 +0000 2014,"<a href=""http://vine.co"" rel=""nofollow"">Vine - Make a Scene</a>",,,,2588066152,"",96,277,,306,en,"","",0,0,0
495949318948663296,en,Sun Aug 03 15:08:26 +0000 2014,"<a href=""http://gremln.com"" rel=""nofollow"">Gremln</a>",,,,237030964,France,199,92,,30144,en,"","",0,0,0
495948643263062016,en,Sun Aug 03 15:05:45 +0000 2014,"<a href=""https://twitter.com/download/android"" rel=""nofollow"">Twitter for Android Tablets</a>",,,,380532380,"Indianapolis, IN",377,906,Eastern Time (US & Canada),15911,en,"","",0,0,0
495947720004485120,en,Sun Aug 03 15:02:05 +0000 2014,"<a href=""http://twitter.com/download/iphone"" rel=""nofollow"">Twitter for iPhone</a>",,,,957656828,"",249,614,,2866,en,"","",0,0,1
495947311806038016,in,Sun Aug 03 15:00:28 +0000 2014,"<a href=""http://twitter.com/download/android"" rel=""nofollow"">Twitter for Android</a>",,,,182750394,yesung's lipseu,790,373,Bangkok,10406,id,"Mojolaban, Sukoharjo",ID,-7.6003565,110.8598332,0
495947267820765185,en,Sun Aug 03 15:00:17 +0000 2014,"<a href=""http://www.pagemodo.com"" rel=""nofollow"">Pagemodo.com</a>",,,,371326183,"Portland, OR",99,122,,104,en,"","",0,0,1
495946749065060352,en,Sun Aug 03 14:58:13 +0000 2014,"<a href=""http://ifttt.com"" rel=""nofollow"">IFTTT</a>",,,,2289489365,"",548,623,,54868,ru,"","",0,0,1
495946571217772544,th,Sun Aug 03 14:57:31 +0000 2014,"<a href=""https://dev.twitter.com/docs/tfw"" rel=""nofollow"">Twitter for Websites</a>",,,,579603990,"Bangkok, Thailand",22,52,Bangkok,6503,en,"","",0,0,0
495945366450479106,en,Sun Aug 03 14:52:44 +0000 2014,"<a href=""http://twitter.com/tweeteye_dev"" rel=""nofollow"">Tweet Eye</a>",,,,2530487052,"",23,13,,8054,en,"","",0,0,1
495945217066143744,en,Sun Aug 03 14:52:08 +0000 2014,"<a href=""http://twitter.com/download/iphone"" rel=""nofollow"">Twitter for iPhone</a>",,489395149,bwclink,192340867,315,253,308,,6188,en,"","",0,0,0
495944881215655936,en,Sun Aug 03 14:50:48 +0000 2014,"<a href=""http://www.twitter.com"" rel=""nofollow"">Twitter for Windows Phone</a>",,,,301464404,"Greece, Europe",17937,17222,Athens,5373,en,"","",0,0,0
495944807731429378,en,Sun Aug 03 14:50:31 +0000 2014,"<a href=""https://roundteam.co"" rel=""nofollow"">RoundTeam</a>",,,,1961131327,"",2401,2365,,231524,en,"","",0,0,1
495944416809713665,en,Sun Aug 03 14:48:57 +0000 2014,"<a href=""http://twitter.com"" rel=""nofollow"">Twitter Web Client</a>",,,,2366048750,"likes LIV, CHE AND EVE",756,1957,Casablanca,17772,en-gb,"","",0,0,1
495944252493287424,en,Sun Aug 03 14:48:18 +0000 2014,"<a href=""http://www.socialoomph.com"" rel=""nofollow"">SocialOomph</a>",,,,1901275388,"",2079,477,Arizona,3823,en,"","",0,0,1
495943279259955200,ru,Sun Aug 03 14:44:26 +0000 2014,"<a href=""http://instagram.com"" rel=""nofollow"">Instagram</a>",,,,86286364,Петрозаводск,482,898,Moscow,5696,ru,"","",0,0,1
495942552777154560,en,Sun Aug 03 14:41:33 +0000 2014,"<a href=""http://twitter.com/download/iphone"" rel=""nofollow"">Twitter for iPhone</a>",,,,715345903,"",1616,662,Brasilia,37740,pt,"","",0,0,0
495942410632192000,en,Sun Aug 03 14:40:59 +0000 2014,"<a href=""http://twitter.com"" rel=""nofollow"">Twitter Web Client</a>",,,,287834165,"Galaxy X LA Ca,Tx,Ga,Va NY",888,2003,Quito,14500,en,"","",0,0,0
495939978787307520,en,Sun Aug 03 14:31:19 +0000 2014,"<a href=""http://twitter.com/download/android"" rel=""nofollow"">Twitter for Android</a>",,,,1621405704,"",1599,1414,Brasilia,33071,pt,"","",0,0,0
495939887351496704,en,Sun Aug 03 14:30:57 +0000 2014,"<a href=""http://twitter.com/download/iphone"" rel=""nofollow"">Twitter for iPhone</a>",,,,216579081,instagram @thevnation,272,543,Pacific Time (US & Canada),24154,en,"","",0,0,1
495939059861430272,en,Sun Aug 03 14:27:40 +0000 2014,"<a href=""http://twitter.com"" rel=""nofollow"">Twitter Web Client</a>",,,,17557592,"ÜT: 50.786456,-1.054663",273,96,London,13729,en,"","",0,0,1
495938785755279361,en,Sun Aug 03 14:26:35 +0000 2014,"<a href=""http://ifttt.com"" rel=""nofollow"">IFTTT</a>",,,,2429429797,"",703,25,,95631,en,"","",0,0,0
495938550148628481,de,Sun Aug 03 14:25:39 +0000 2014,"<a href=""http://twitter.com/download/iphone"" rel=""nofollow"">Twitter for iPhone</a>",,,,858689078,"K'lautern, Fußballhauptstadt",316,196,Berlin,8002,de,"","",0,0,0
495938268530507776,vi,Sun Aug 03 14:24:31 +0000 2014,"<a href=""http://twitter.com/download/android"" rel=""nofollow"">Twitter for Android</a>",,,,1513507111,"",1234,917,,48948,de,"","",0,0,1
495937768351367169,en,Sun Aug 03 14:22:32 +0000 2014,"<a href=""http://twitter.com"" rel=""nofollow"">Twitter Web Client</a>",,,,2253319542,"Naples, FL",182,11,,46710,en,"","",0,0,1
495937550247149568,en,Sun Aug 03 14:21:40 +0000 2014,"<a href=""http://instagram.com"" rel=""nofollow"">Instagram</a>",,,,257452434,"",28,21,,59,en,"","",0,0,1
495935805597429760,vi,Sun Aug 03 14:14:44 +0000 2014,"<a href=""http://twitter.com"" rel=""nofollow"">Twitter Web Client</a>",,,,2594093873,london,2929,3032,,12440,en,"","",0,0,1
495935281875259393,vi,Sun Aug 03 14:12:39 +0000 2014,"<a href=""http://twitter.com/download/android"" rel=""nofollow"">Twitter for Android</a>",,,,2210874168,"",1417,2003,,13139,en,"","",0,0,1
495934939519782912,vi,Sun Aug 03 14:11:18 +0000 2014,"<a href=""http://twitter.com"" rel=""nofollow"">Twitter Web Client</a>",,,,315868883,Surrey UK  ,849,1323,London,2295,en,"","",0,0,1
495934058913087489,en,Sun Aug 03 14:07:48 +0000 2014,"<a href=""http://twitter.com/download/iphone"" rel=""nofollow"">Twitter for iPhone</a>",,,,764389514,"",68,139,,122,tr,"","",0,0,0
495932979932573696,en,Sun Aug 03 14:03:31 +0000 2014,"<a href=""http://www.facebook.com/twitter"" rel=""nofollow"">Facebook</a>",,,,2302929980,"Reading, Berkshire ",782,990,London,5746,en,"","",0,0,0
495931657539846146,en,Sun Aug 03 13:58:15 +0000 2014,"<a href=""http://twitter.com/download/android"" rel=""nofollow"">Twitter for Android</a>",,,,703557260,"",493,767,Amsterdam,21482,en,"","",0,0,1
495931327846547456,en,Sun Aug 03 13:56:57 +0000 2014,"<a href=""http://twitter.com/download/iphone"" rel=""nofollow"">Twitter for iPhone</a>",495930830431465475,38490017,allanhawco,25189696,DC Metro Area,511,901,Quito,33899,en,"","",0,0,0
495930797132906496,en,Sun Aug 03 13:54:50 +0000 2014,"<a href=""http://twitter.com"" rel=""nofollow"">Twitter Web Client</a>",,,,2253319542,"Naples, FL",182,11,,46710,en,"","",0,0,1
495930276888190976,en,Sun Aug 03 13:52:46 +0000 2014,"<a href=""http://twitter.com/#!/download/ipad"" rel=""nofollow"">Twitter for iPad</a>",,,,2537526681,*Be Different* *Love Is Equal*,563,754,,14465,fr,"","",0,0,0
495930264632451072,en,Sun Aug 03 13:52:43 +0000 2014,"<a href=""http://twitter.com/tweeteye_dev"" rel=""nofollow"">Tweet Eye</a>",,,,2530487052,"",23,13,,8054,en,"","",0,0,1
495929919122472960,en,Sun Aug 03 13:51:21 +0000 2014,"<a href=""http://twitter.com"" rel=""nofollow"">Twitter Web Client</a>",,,,371441513,São Paulo,1112,848,Brasilia,26377,pt,"","",0,0,0
495929755007348736,en,Sun Aug 03 13:50:42 +0000 2014,"<a href=""http://instagram.com"" rel=""nofollow"">Instagram</a>",,,,339653315,SWEDEN,23,208,Stockholm,326,sv,"","",0,0,1
495928761045757952,en,Sun Aug 03 13:46:45 +0000 2014,"<a href=""https://mobile.twitter.com"" rel=""nofollow"">Mobile Web (M5)</a>",,,,614157503,Oklahoma City,944,338,,7537,en,"","",0,0,1
495927825699180544,en,Sun Aug 03 13:43:02 +0000 2014,"<a href=""http://twitter.com"" rel=""nofollow"">Twitter Web Client</a>",,,,43557178,"Ljubljana, Slovenia",2702,2602,Ljubljana,36954,en,"","",0,0,1
495926192047128577,en,Sun Aug 03 13:36:32 +0000 2014,"<a href=""http://twitter.com/download/iphone"" rel=""nofollow"">Twitter for iPhone</a>",,,,280312720,Mammoth Lakes,9232,5753,Pacific Time (US & Canada),16130,en,"","",0,0,0
495925516486983680,en,Sun Aug 03 13:33:51 +0000 2014,"<a href=""http://twitter.com"" rel=""nofollow"">Twitter Web Client</a>",,,,2525506881,Взаимный фолловинг,922,1107,,5270,ru,"","",0,0,1
495925240388911104,en,Sun Aug 03 13:32:45 +0000 2014,"<a href=""http://twitter.com/#!/download/ipad"" rel=""nofollow"">Twitter for iPad</a>",,,,2287605543,"",770,163,,17624,ru,"","",0,0,0
495921682352046080,en,Sun Aug 03 13:18:37 +0000 2014,"<a href=""http://twitter.com/download/iphone"" rel=""nofollow"">Twitter for iPhone</a>",,39974135,scottecohen,993258427,"",267,266,Casablanca,129,en,"","",0,0,0
495920010263400448,de,Sun Aug 03 13:11:58 +0000 2014,"<a href=""https://dev.twitter.com/docs/tfw"" rel=""nofollow"">Twitter for Websites</a>",,,,61313415,Göttingen (Germany),377,467,Berlin,231,en,"","",0,0,1
495919259139051521,en,Sun Aug 03 13:08:59 +0000 2014,"<a href=""http://twitter.com/download/iphone"" rel=""nofollow"">Twitter for iPhone</a>",,,,1292930977,"",16,85,,25,en,"","",0,0,1
495919223567163392,en,Sun Aug 03 13:08:51 +0000 2014,"<a href=""http://blackberry.com/twitter"" rel=""nofollow"">Twitter for BlackBerry®</a>",,,,2441259186,"Jakarta, Indonesia",95,127,,1075,en,"","",0,0,0
495918800110243840,en,Sun Aug 03 13:07:10 +0000 2014,"<a href=""http://instagram.com"" rel=""nofollow"">Instagram</a>",,,,324976994,Space,393,206,,6241,en,"","",0,0,0
495918091629785088,en,Sun Aug 03 13:04:21 +0000 2014,"<a href=""http://twitter.com/download/iphone"" rel=""nofollow"">Twitter for iPhone</a>",,,,995824028,Somewhere In Neveland (UK),950,1998,,20243,en,"","",0,0,0
495916171078557696,en,Sun Aug 03 12:56:43 +0000 2014,"<a href=""http://amatterjp.appspot.com/"" rel=""nofollow"">Tagosaku</a>",,,,599387757,シトラス公国 マシュマロタウン メルヘン横丁 12-34,135,70,Tokyo,32102,ja,"","",0,0,0
495915911950643200,en,Sun Aug 03 12:55:41 +0000 2014,"<a href=""http://twitter.com/download/iphone"" rel=""nofollow"">Twitter for iPhone</a>",,,,634719651,"",1209,1334,,29737,es,"","",0,0,1
495915477462286336,en,Sun Aug 03 12:53:58 +0000 2014,"<a href=""http://instagram.com"" rel=""nofollow"">Instagram</a>",,,,365592629,España,234,687,,9908,es,"","",0,0,1
495915162952806400,en,Sun Aug 03 12:52:43 +0000 2014,"<a href=""http://twitter.com/tweeteye_dev"" rel=""nofollow"">Tweet Eye</a>",,,,2530487052,"",23,13,,8054,en,"","",0,0,1
495913628605120512,en,Sun Aug 03 12:46:37 +0000 2014,"<a href=""http://instagram.com"" rel=""nofollow"">Instagram</a>",,,,562208845,Glasgow Scotland ,157,197,,2408,en,"","",0,0,1
495913425180950528,en,Sun Aug 03 12:45:48 +0000 2014,"<a href=""http://instagram.com"" rel=""nofollow"">Instagram</a>",,,,569292798,"Finsbury Park, London",201,370,London,1034,en,"","",0,0,0
495911836202848256,en,Sun Aug 03 12:39:30 +0000 2014,"<a href=""http://twitter.com"" rel=""nofollow"">Twitter Web Client</a>",,,,138554378,uk,436,874,London,2746,en,"","",0,0,1
495910733054758913,en,Sun Aug 03 12:35:07 +0000 2014,"<a href=""http://twitter.com/download/android"" rel=""nofollow"">Twitter for Android</a>",,,,1324455864,BOSTON STRONG!,5246,5210,Eastern Time (US & Canada),115709,en,"","",0,0,1
495909005219598337,en,Sun Aug 03 12:28:15 +0000 2014,"<a href=""http://ifttt.com"" rel=""nofollow"">IFTTT</a>",,,,2363886625,"",347,14,Eastern Time (US & Canada),30691,es,"","",0,0,0
495908988077494272,en,Sun Aug 03 12:28:10 +0000 2014,"<a href=""http://ifttt.com"" rel=""nofollow"">IFTTT</a>",,,,2369864029,"",309,115,Eastern Time (US & Canada),30997,es,"","",0,0,0
495908958855385088,en,Sun Aug 03 12:28:03 +0000 2014,"<a href=""http://ifttt.com"" rel=""nofollow"">IFTTT</a>",,,,2365818104,"",333,27,Eastern Time (US & Canada),30601,es,"","",0,0,0
495908894309621760,en,Sun Aug 03 12:27:48 +0000 2014,"<a href=""http://ifttt.com"" rel=""nofollow"">IFTTT</a>",,,,2363427716,"",343,122,Eastern Time (US & Canada),30595,es,"","",0,0,0
495908735769145344,en,Sun Aug 03 12:27:10 +0000 2014,"<a href=""http://ifttt.com"" rel=""nofollow"">IFTTT</a>",,,,2369649944,"",320,24,Eastern Time (US & Canada),30524,es,"","",0,0,0
495908692798484481,en,Sun Aug 03 12:27:00 +0000 2014,"<a href=""http://ifttt.com"" rel=""nofollow"">IFTTT</a>",,,,2367968059,"",296,29,Eastern Time (US & Canada),30559,es,"","",0,0,0
495908678688440320,en,Sun Aug 03 12:26:57 +0000 2014,"<a href=""http://ifttt.com"" rel=""nofollow"">IFTTT</a>",,,,2363871116,"",316,121,Eastern Time (US & Canada),30990,es,"","",0,0,0
495908665808125953,en,Sun Aug 03 12:26:54 +0000 2014,"<a href=""http://ifttt.com"" rel=""nofollow"">IFTTT</a>",,,,2363340014,"",297,10,Eastern Time (US & Canada),30701,es,"","",0,0,0
495908640113827840,en,Sun Aug 03 12:26:48 +0000 2014,"<a href=""http://ifttt.com"" rel=""nofollow"">IFTTT</a>",,,,2365218290,"",284,117,Eastern Time (US & Canada),30216,es,"","",0,0,0
495908515954036738,en,Sun Aug 03 12:26:18 +0000 2014,"<a href=""http://ifttt.com"" rel=""nofollow"">IFTTT</a>",,,,2364391470,"",322,108,Eastern Time (US & Canada),30547,es,"","",0,0,0
495908511977861121,en,Sun Aug 03 12:26:17 +0000 2014,"<a href=""http://ifttt.com"" rel=""nofollow"">IFTTT</a>",,,,2369799367,"",353,129,Eastern Time (US & Canada),30229,es,"","",0,0,0
495908487034327040,en,Sun Aug 03 12:26:11 +0000 2014,"<a href=""http://instagram.com"" rel=""nofollow"">Instagram</a>",,,,562208845,Glasgow Scotland ,157,197,,2408,en,"","",0,0,1
495908284097118208,en,Sun Aug 03 12:25:23 +0000 2014,"<a href=""http://ifttt.com"" rel=""nofollow"">IFTTT</a>",,,,2363879972,"",308,121,Eastern Time (US & Canada),29920,es,"","",0,0,0
495908272239804416,en,Sun Aug 03 12:25:20 +0000 2014,"<a href=""http://ifttt.com"" rel=""nofollow"">IFTTT</a>",,,,2368566278,"",317,118,Eastern Time (US & Canada),29995,es,"","",0,0,0
495908194636804096,en,Sun Aug 03 12:25:01 +0000 2014,"<a href=""http://ifttt.com"" rel=""nofollow"">IFTTT</a>",,,,2359594788,"",316,115,Eastern Time (US & Canada),30055,es,"","",0,0,0
495908175670181890,en,Sun Aug 03 12:24:57 +0000 2014,"<a href=""http://ifttt.com"" rel=""nofollow"">IFTTT</a>",,,,2369871223,"",280,123,Eastern Time (US & Canada),29856,es,"","",0,0,0
495908114731139073,en,Sun Aug 03 12:24:42 +0000 2014,"<a href=""http://ifttt.com"" rel=""nofollow"">IFTTT</a>",,,,2368937491,"",270,108,Eastern Time (US & Canada),29708,es,"","",0,0,0
495908068635717632,en,Sun Aug 03 12:24:31 +0000 2014,"<a href=""http://ifttt.com"" rel=""nofollow"">IFTTT</a>",,,,2365656294,"",300,124,Eastern Time (US & Canada),30004,es,"","",0,0,0
495908045839663104,en,Sun Aug 03 12:24:26 +0000 2014,"<a href=""http://ifttt.com"" rel=""nofollow"">IFTTT</a>",,,,2366318509,"",277,114,Eastern Time (US & Canada),29738,es,"","",0,0,0
495908030031355904,en,Sun Aug 03 12:24:22 +0000 2014,"<a href=""http://ifttt.com"" rel=""nofollow"">IFTTT</a>",,,,2360573390,"",297,119,Eastern Time (US & Canada),29640,es,"","",0,0,0
495905977733230593,en,Sun Aug 03 12:16:13 +0000 2014,"<a href=""http://ifttt.com"" rel=""nofollow"">IFTTT</a>",,,,1867278301,México D.F,3671,272,Central Time (US & Canada),46728,es,"","",0,0,0
495903753644806144,en,Sun Aug 03 12:07:22 +0000 2014,"<a href=""http://www.keboc.com"" rel=""nofollow"">KeBoCTweet</a>",,,,159865860,Italia,1383,1404,Rome,68703,it,"","",0,0,0
495903643359797248,en,Sun Aug 03 12:06:56 +0000 2014,"<a href=""http://twitter.com/download/android"" rel=""nofollow"">Twitter for Android</a>",,,,1121252012,"",925,897,,36471,en,"","",0,0,1
495902273521078272,en,Sun Aug 03 12:01:30 +0000 2014,"<a href=""http://www.facebook.com/twitter"" rel=""nofollow"">Facebook</a>",,,,242925180,"Marietta, GA",264,309,,11134,en,"","",0,0,0
495902183611564032,en,Sun Aug 03 12:01:08 +0000 2014,"<a href=""http://blackberry.com/twitter"" rel=""nofollow"">Twitter for BlackBerry®</a>",,,,1253996616,In front of my computer,229,98,,1967,en,"","",0,0,1
495901760922603520,en,Sun Aug 03 11:59:27 +0000 2014,"<a href=""http://instagram.com"" rel=""nofollow"">Instagram</a>",,,,57110729,Mexico City,266,406,Mexico City,4177,en,"","",0,0,0
495901316674117632,en,Sun Aug 03 11:57:41 +0000 2014,"<a href=""http://instagram.com"" rel=""nofollow"">Instagram</a>",,,,531974339,Philippines,484,876,Arizona,9224,en,"","",0,0,0
495900855934406656,en,Sun Aug 03 11:55:52 +0000 2014,"<a href=""http://vsbelle.net/120/"" rel=""nofollow"">http://vsbelle.net/120/</a>",,,,2265473486,"",160,386,Pacific Time (US & Canada),11724,en,"","",0,0,0
495900855431069696,en,Sun Aug 03 11:55:52 +0000 2014,"<a href=""http://vsbelle.net/120/"" rel=""nofollow"">http://vsbelle.net/120/</a>",,,,2264754505,"",96,393,Pacific Time (US & Canada),11608,en,"","",0,0,0
495900854986493952,en,Sun Aug 03 11:55:51 +0000 2014,"<a href=""http://vsbelle.net/120/"" rel=""nofollow"">http://vsbelle.net/120/</a>",,,,1686121430,"",315,939,,12255,ar,"","",0,0,0
495900854432849920,en,Sun Aug 03 11:55:51 +0000 2014,"<a href=""http://vsbelle.net/120/"" rel=""nofollow"">http://vsbelle.net/120/</a>",,,,1636677367,"",171,1029,,14476,en,"","",0,0,0
495900853975646208,en,Sun Aug 03 11:55:51 +0000 2014,"<a href=""http://vsbelle.net/120/"" rel=""nofollow"">http://vsbelle.net/120/</a>",,,,1683882032,"",156,936,,12655,ar,"","",0,0,0
495900853522694144,en,Sun Aug 03 11:55:51 +0000 2014,"<a href=""http://vsbelle.net/120/"" rel=""nofollow"">http://vsbelle.net/120/</a>",,,,1683843128,"",101,1042,,12501,ar,"","",0,0,0
495900852981608449,en,Sun Aug 03 11:55:51 +0000 2014,"<a href=""http://vsbelle.net/120/"" rel=""nofollow"">http://vsbelle.net/120/</a>",,,,2263014428,"",132,376,Pacific Time (US & Canada),11825,en,"","",0,0,0
495900852549586944,en,Sun Aug 03 11:55:51 +0000 2014,"<a href=""http://vsbelle.net/120/"" rel=""nofollow"">http://vsbelle.net/120/</a>",,,,1683558866,"",125,965,,12381,ar,"","",0,0,0
495900852100796416,en,Sun Aug 03 11:55:51 +0000 2014,"<a href=""http://vsbelle.net/120/"" rel=""nofollow"">http://vsbelle.net/120/</a>",,,,1616085181,"",129,786,,11313,ar,"","",0,0,0
495900851584892929,en,Sun Aug 03 11:55:51 +0000 2014,"<a href=""http://vsbelle.net/120/"" rel=""nofollow"">http://vsbelle.net/120/</a>",,,,1633940292,"",93,616,,12397,en,"","",0,0,0
495900851052249088,en,Sun Aug 03 11:55:50 +0000 2014,"<a href=""http://vsbelle.net/120/"" rel=""nofollow"">http://vsbelle.net/120/</a>",,,,1686454471,"",110,511,,12323,ar,"","",0,0,0
495900850465042432,en,Sun Aug 03 11:55:50 +0000 2014,"<a href=""http://vsbelle.net/120/"" rel=""nofollow"">http://vsbelle.net/120/</a>",,,,1681973994,"",331,518,,28816,ar,"","",0,0,0
495900849978474496,en,Sun Aug 03 11:55:50 +0000 2014,"<a href=""http://vsbelle.net/120/"" rel=""nofollow"">http://vsbelle.net/120/</a>",,,,2264025156,"",91,408,Pacific Time (US & Canada),12070,en,"","",0,0,0
495900849437413376,en,Sun Aug 03 11:55:50 +0000 2014,"<a href=""http://vsbelle.net/120/"" rel=""nofollow"">http://vsbelle.net/120/</a>",,,,1618592365,"",91,980,,11298,ar,"","",0,0,0
495900848904761344,en,Sun Aug 03 11:55:50 +0000 2014,"<a href=""http://vsbelle.net/120/"" rel=""nofollow"">http://vsbelle.net/120/</a>",,,,2264460920,"",69,413,Pacific Time (US & Canada),11818,en,"","",0,0,0
495900848393031682,en,Sun Aug 03 11:55:50 +0000 2014,"<a href=""http://vsbelle.net/120/"" rel=""nofollow"">http://vsbelle.net/120/</a>",,,,1683932432,"",45,677,,12303,ar,"","",0,0,0
495900847851962368,en,Sun Aug 03 11:55:50 +0000 2014,"<a href=""http://vsbelle.net/120/"" rel=""nofollow"">http://vsbelle.net/120/</a>",,,,2238446643,"",35,427,Pacific Time (US & Canada),11682,en,"","",0,0,0
495900847247994881,en,Sun Aug 03 11:55:50 +0000 2014,"<a href=""http://vsbelle.net/120/"" rel=""nofollow"">http://vsbelle.net/120/</a>",,,,1683601632,"",48,953,,12274,ar,"","",0,0,0
495900846744698880,en,Sun Aug 03 11:55:49 +0000 2014,"<a href=""http://vsbelle.net/120/"" rel=""nofollow"">http://vsbelle.net/120/</a>",,,,1659933968,"",52,699,,12404,en,"","",0,0,0
495900846031638528,en,Sun Aug 03 11:55:49 +0000 2014,"<a href=""http://vsbelle.net/120/"" rel=""nofollow"">http://vsbelle.net/120/</a>",,,,2246255703,"",36,408,Pacific Time (US & Canada),11869,en,"","",0,0,0
495900845570289664,en,Sun Aug 03 11:55:49 +0000 2014,"<a href=""http://vsbelle.net/120/"" rel=""nofollow"">http://vsbelle.net/120/</a>",,,,1661156053,"",99,1016,,12674,en,"","",0,0,0
495900845079556096,en,Sun Aug 03 11:55:49 +0000 2014,"<a href=""http://vsbelle.net/120/"" rel=""nofollow"">http://vsbelle.net/120/</a>",,,,1681466654,"",43,597,,12628,ar,"","",0,0,0
495900844605583360,en,Sun Aug 03 11:55:49 +0000 2014,"<a href=""http://vsbelle.net/120/"" rel=""nofollow"">http://vsbelle.net/120/</a>",,,,2265250489,"",42,447,Pacific Time (US & Canada),11709,en,"","",0,0,0
495900844051922944,en,Sun Aug 03 11:55:49 +0000 2014,"<a href=""http://vsbelle.net/120/"" rel=""nofollow"">http://vsbelle.net/120/</a>",,,,2263808095,"",40,381,Pacific Time (US & Canada),11883,en,"","",0,0,0
495900843594756096,en,Sun Aug 03 11:55:49 +0000 2014,"<a href=""http://vsbelle.net/120/"" rel=""nofollow"">http://vsbelle.net/120/</a>",,,,2265661056,"",37,385,Pacific Time (US & Canada),12043,en,"","",0,0,0
495900843062075392,en,Sun Aug 03 11:55:49 +0000 2014,"<a href=""http://vsbelle.net/120/"" rel=""nofollow"">http://vsbelle.net/120/</a>",,,,2265445465,"",51,412,Pacific Time (US & Canada),11745,en,"","",0,0,0
495900842185482240,en,Sun Aug 03 11:55:48 +0000 2014,"<a href=""http://vsbelle.net/120/"" rel=""nofollow"">http://vsbelle.net/120/</a>",,,,1683656311,"",57,568,,12626,ar,"","",0,0,0
495900841686335488,en,Sun Aug 03 11:55:48 +0000 2014,"<a href=""http://vsbelle.net/120/"" rel=""nofollow"">http://vsbelle.net/120/</a>",,,,1636749367,"",73,558,,12416,en,"","",0,0,0
495900841170436096,en,Sun Aug 03 11:55:48 +0000 2014,"<a href=""http://vsbelle.net/120/"" rel=""nofollow"">http://vsbelle.net/120/</a>",,,,1618719073,"",54,1019,,11335,ar,"","",0,0,0
495900840679735297,en,Sun Aug 03 11:55:48 +0000 2014,"<a href=""http://vsbelle.net/120/"" rel=""nofollow"">http://vsbelle.net/120/</a>",,,,1686179318,"",74,1022,,12274,ar,"","",0,0,0
495900840184803328,en,Sun Aug 03 11:55:48 +0000 2014,"<a href=""http://vsbelle.net/120/"" rel=""nofollow"">http://vsbelle.net/120/</a>",,,,1685731728,"",62,1069,,13687,ar,"","",0,0,0
495900839631147008,en,Sun Aug 03 11:55:48 +0000 2014,"<a href=""http://vsbelle.net/120/"" rel=""nofollow"">http://vsbelle.net/120/</a>",,,,2237023271,"",34,432,Pacific Time (US & Canada),11890,en,"","",0,0,0
495900839152992258,en,Sun Aug 03 11:55:48 +0000 2014,"<a href=""http://vsbelle.net/120/"" rel=""nofollow"">http://vsbelle.net/120/</a>",,,,1617915044,السعودية,64,581,,11315,ar,"","",0,0,0
495900838544805888,en,Sun Aug 03 11:55:48 +0000 2014,"<a href=""http://vsbelle.net/120/"" rel=""nofollow"">http://vsbelle.net/120/</a>",,,,1617680442,"",52,552,,11603,ar,"","",0,0,0
495900838087647232,en,Sun Aug 03 11:55:47 +0000 2014,"<a href=""http://vsbelle.net/120/"" rel=""nofollow"">http://vsbelle.net/120/</a>",,,,2248196477,"",40,399,Pacific Time (US & Canada),11864,en,"","",0,0,0
495900837613670401,en,Sun Aug 03 11:55:47 +0000 2014,"<a href=""http://vsbelle.net/120/"" rel=""nofollow"">http://vsbelle.net/120/</a>",,,,1639124612,"",56,562,,12690,en,"","",0,0,0
495900837064224768,en,Sun Aug 03 11:55:47 +0000 2014,"<a href=""http://vsbelle.net/120/"" rel=""nofollow"">http://vsbelle.net/120/</a>",,,,1657916827,"",69,587,,12633,en,"","",0,0,0
495900836607037440,en,Sun Aug 03 11:55:47 +0000 2014,"<a href=""http://vsbelle.net/120/"" rel=""nofollow"">http://vsbelle.net/120/</a>",,,,1686369835,"",55,971,,12635,ar,"","",0,0,0
495900835868839936,en,Sun Aug 03 11:55:47 +0000 2014,"<a href=""http://vsbelle.net/120/"" rel=""nofollow"">http://vsbelle.net/120/</a>",,,,2265304075,"",58,412,,11920,en,"","",0,0,0
495900835373916160,en,Sun Aug 03 11:55:47 +0000 2014,"<a href=""http://vsbelle.net/120/"" rel=""nofollow"">http://vsbelle.net/120/</a>",,,,1685622366,"",52,959,,12573,ar,"","",0,0,0
495900834874818560,en,Sun Aug 03 11:55:47 +0000 2014,"<a href=""http://vsbelle.net/120/"" rel=""nofollow"">http://vsbelle.net/120/</a>",,,,2239586451,"",52,441,Pacific Time (US & Canada),11948,en,"","",0,0,0
495900834384080896,en,Sun Aug 03 11:55:46 +0000 2014,"<a href=""http://vsbelle.net/120/"" rel=""nofollow"">http://vsbelle.net/120/</a>",,,,1684092666,"",79,543,,13269,ar,"","",0,0,0
495900833830412288,en,Sun Aug 03 11:55:46 +0000 2014,"<a href=""http://vsbelle.net/120/"" rel=""nofollow"">http://vsbelle.net/120/</a>",,,,1686337928,"",63,1047,,14108,ar,"","",0,0,0
495900833259995136,en,Sun Aug 03 11:55:46 +0000 2014,"<a href=""http://vsbelle.net/120/"" rel=""nofollow"">http://vsbelle.net/120/</a>",,,,1683868915,"",63,984,,13540,ar,"","",0,0,0
495900832811212801,en,Sun Aug 03 11:55:46 +0000 2014,"<a href=""http://vsbelle.net/120/"" rel=""nofollow"">http://vsbelle.net/120/</a>",,,,1638700524,"",71,719,,12341,en,"","",0,0,0
495900832333045760,en,Sun Aug 03 11:55:46 +0000 2014,"<a href=""http://vsbelle.net/120/"" rel=""nofollow"">http://vsbelle.net/120/</a>",,,,1658134632,"",121,621,,13192,en,"","",0,0,0
495900831846506496,en,Sun Aug 03 11:55:46 +0000 2014,"<a href=""http://vsbelle.net/120/"" rel=""nofollow"">http://vsbelle.net/120/</a>",,,,1637049481,"",79,1018,,13424,en,"","",0,0,0
495900831301267456,en,Sun Aug 03 11:55:46 +0000 2014,"<a href=""http://vsbelle.net/120/"" rel=""nofollow"">http://vsbelle.net/120/</a>",,,,2264341466,"",40,490,Pacific Time (US & Canada),12061,en,"","",0,0,0
495900830860836864,en,Sun Aug 03 11:55:46 +0000 2014,"<a href=""http://vsbelle.net/120/"" rel=""nofollow"">http://vsbelle.net/120/</a>",,,,2255852841,"",86,432,Pacific Time (US & Canada),11692,en,"","",0,0,0
495900830353330176,en,Sun Aug 03 11:55:46 +0000 2014,"<a href=""http://vsbelle.net/120/"" rel=""nofollow"">http://vsbelle.net/120/</a>",,,,1660012052,"",66,1010,,12896,en,"","",0,0,0
495900829816471552,en,Sun Aug 03 11:55:45 +0000 2014,"<a href=""http://vsbelle.net/120/"" rel=""nofollow"">http://vsbelle.net/120/</a>",,,,1685733127,"",49,518,,12367,ar,"","",0,0,0
495900829367697408,en,Sun Aug 03 11:55:45 +0000 2014,"<a href=""http://vsbelle.net/120/"" rel=""nofollow"">http://vsbelle.net/120/</a>",,,,2265595177,"",47,426,Pacific Time (US & Canada),11782,en,"","",0,0,0
495900828914712576,en,Sun Aug 03 11:55:45 +0000 2014,"<a href=""http://vsbelle.net/120/"" rel=""nofollow"">http://vsbelle.net/120/</a>",,,,1685313756,"",59,514,,13196,ar,"","",0,0,0
495900828356849664,en,Sun Aug 03 11:55:45 +0000 2014,"<a href=""http://vsbelle.net/120/"" rel=""nofollow"">http://vsbelle.net/120/</a>",,,,2263218866,"",49,411,Pacific Time (US & Canada),11231,en,"","",0,0,0
495900827476066304,en,Sun Aug 03 11:55:45 +0000 2014,"<a href=""http://vsbelle.net/120/"" rel=""nofollow"">http://vsbelle.net/120/</a>",,,,1684004910,"",56,503,,12362,ar,"","",0,0,0
495900826192588802,en,Sun Aug 03 11:55:45 +0000 2014,"<a href=""http://vsbelle.net/120/"" rel=""nofollow"">http://vsbelle.net/120/</a>",,,,2241457347,"",74,455,Pacific Time (US & Canada),11838,en,"","",0,0,0
495900825731223552,en,Sun Aug 03 11:55:44 +0000 2014,"<a href=""http://vsbelle.net/120/"" rel=""nofollow"">http://vsbelle.net/120/</a>",,,,1617655368,"",86,1018,,11464,ar,"","",0,0,0
495900825085284352,en,Sun Aug 03 11:55:44 +0000 2014,"<a href=""http://vsbelle.net/120/"" rel=""nofollow"">http://vsbelle.net/120/</a>",,,,1617446088,الكويت,234,1022,,11412,ar,"","",0,0,0
495900824644902912,en,Sun Aug 03 11:55:44 +0000 2014,"<a href=""http://vsbelle.net/120/"" rel=""nofollow"">http://vsbelle.net/120/</a>",,,,1633750536,"",83,637,,12786,en,"","",0,0,0
495900824191897600,en,Sun Aug 03 11:55:44 +0000 2014,"<a href=""http://vsbelle.net/120/"" rel=""nofollow"">http://vsbelle.net/120/</a>",,,,1684215926,"",54,979,,12473,ar,"","",0,0,0
495900823688585216,en,Sun Aug 03 11:55:44 +0000 2014,"<a href=""http://vsbelle.net/120/"" rel=""nofollow"">http://vsbelle.net/120/</a>",,,,1681982245,"",80,550,,13276,ar,"","",0,0,0
495900823181086721,en,Sun Aug 03 11:55:44 +0000 2014,"<a href=""http://vsbelle.net/120/"" rel=""nofollow"">http://vsbelle.net/120/</a>",,,,2264236219,"",52,436,Pacific Time (US & Canada),11748,en,"","",0,0,0
495900822719717376,en,Sun Aug 03 11:55:44 +0000 2014,"<a href=""http://vsbelle.net/120/"" rel=""nofollow"">http://vsbelle.net/120/</a>",,,,2263615297,"",63,426,Pacific Time (US & Canada),11926,en,"","",0,0,0
495900822208004096,en,Sun Aug 03 11:55:44 +0000 2014,"<a href=""http://vsbelle.net/120/"" rel=""nofollow"">http://vsbelle.net/120/</a>",,,,1634002592,"",68,708,,14138,en,"","",0,0,0
495900821671116800,en,Sun Aug 03 11:55:43 +0000 2014,"<a href=""http://vsbelle.net/120/"" rel=""nofollow"">http://vsbelle.net/120/</a>",,,,2265545640,"",48,395,Pacific Time (US & Canada),11353,en,"","",0,0,0
495900820849049600,en,Sun Aug 03 11:55:43 +0000 2014,"<a href=""http://vsbelle.net/120/"" rel=""nofollow"">http://vsbelle.net/120/</a>",,,,2243230600,"",46,402,Pacific Time (US & Canada),11889,en,"","",0,0,0
495900820324757504,en,Sun Aug 03 11:55:43 +0000 2014,"<a href=""http://vsbelle.net/120/"" rel=""nofollow"">http://vsbelle.net/120/</a>",,,,1683772536,"",60,501,,12578,ar,"","",0,0,0
495900819766902784,en,Sun Aug 03 11:55:43 +0000 2014,"<a href=""http://vsbelle.net/120/"" rel=""nofollow"">http://vsbelle.net/120/</a>",,,,1636799586,"",84,614,,12443,en,"","",0,0,0
495900819297173504,en,Sun Aug 03 11:55:43 +0000 2014,"<a href=""http://vsbelle.net/120/"" rel=""nofollow"">http://vsbelle.net/120/</a>",,,,2263644408,"",44,397,Pacific Time (US & Canada),11830,en,"","",0,0,0
495900818655444992,en,Sun Aug 03 11:55:43 +0000 2014,"<a href=""http://vsbelle.net/120/"" rel=""nofollow"">http://vsbelle.net/120/</a>",,,,1661171042,"",90,1044,,12884,en,"","",0,0,0
495900818122764289,en,Sun Aug 03 11:55:43 +0000 2014,"<a href=""http://vsbelle.net/120/"" rel=""nofollow"">http://vsbelle.net/120/</a>",,,,2264682462,"",59,443,,12030,en,"","",0,0,0
495900817602666496,en,Sun Aug 03 11:55:42 +0000 2014,"<a href=""http://vsbelle.net/120/"" rel=""nofollow"">http://vsbelle.net/120/</a>",,,,1610912462,"",75,770,,11557,en,"","",0,0,0
495900817099325441,en,Sun Aug 03 11:55:42 +0000 2014,"<a href=""http://vsbelle.net/120/"" rel=""nofollow"">http://vsbelle.net/120/</a>",,,,1684125746,"",54,965,,12700,ar,"","",0,0,0
495900816315006976,en,Sun Aug 03 11:55:42 +0000 2014,"<a href=""http://vsbelle.net/120/"" rel=""nofollow"">http://vsbelle.net/120/</a>",,,,2246807573,"",67,424,Pacific Time (US & Canada),11977,en,"","",0,0,0
495900815672872962,en,Sun Aug 03 11:55:42 +0000 2014,"<a href=""http://vsbelle.net/120/"" rel=""nofollow"">http://vsbelle.net/120/</a>",,,,2264364972,"",39,413,Pacific Time (US & Canada),12041,en,"","",0,0,0
495900815052521473,en,Sun Aug 03 11:55:42 +0000 2014,"<a href=""http://vsbelle.net/120/"" rel=""nofollow"">http://vsbelle.net/120/</a>",,,,1682176442,"",48,977,,12294,ar,"","",0,0,0
495900814440157184,en,Sun Aug 03 11:55:42 +0000 2014,"<a href=""http://vsbelle.net/120/"" rel=""nofollow"">http://vsbelle.net/120/</a>",,,,1616019612,"",66,979,,11356,ar,"","",0,0,0
495900813899100160,en,Sun Aug 03 11:55:42 +0000 2014,"<a href=""http://vsbelle.net/120/"" rel=""nofollow"">http://vsbelle.net/120/</a>",,,,1683779474,"",60,764,,12426,ar,"","",0,0,0
495900813316063233,en,Sun Aug 03 11:55:41 +0000 2014,"<a href=""http://vsbelle.net/120/"" rel=""nofollow"">http://vsbelle.net/120/</a>",,,,2263816386,"",38,402,Pacific Time (US & Canada),11651,en,"","",0,0,0
495900812041015296,en,Sun Aug 03 11:55:41 +0000 2014,"<a href=""http://vsbelle.net/120/"" rel=""nofollow"">http://vsbelle.net/120/</a>",,,,1685575873,"",327,977,,13254,ar,"","",0,0,0
495900811072126977,en,Sun Aug 03 11:55:41 +0000 2014,"<a href=""http://vsbelle.net/120/"" rel=""nofollow"">http://vsbelle.net/120/</a>",,,,1658498262,"",86,1024,,12582,en,"","",0,0,0
495900810581401600,en,Sun Aug 03 11:55:41 +0000 2014,"<a href=""http://vsbelle.net/120/"" rel=""nofollow"">http://vsbelle.net/120/</a>",,,,2263330290,"",41,426,Pacific Time (US & Canada),11773,en,"","",0,0,0
495900810065485824,en,Sun Aug 03 11:55:41 +0000 2014,"<a href=""http://vsbelle.net/120/"" rel=""nofollow"">http://vsbelle.net/120/</a>",,,,1681950822,"",69,540,,12791,ar,"","",0,0,0
495900809578971136,en,Sun Aug 03 11:55:41 +0000 2014,"<a href=""http://vsbelle.net/120/"" rel=""nofollow"">http://vsbelle.net/120/</a>",,,,1659849174,الكويت,175,1012,,12716,en,"","",0,0,0
495900809092419584,en,Sun Aug 03 11:55:40 +0000 2014,"<a href=""http://vsbelle.net/120/"" rel=""nofollow"">http://vsbelle.net/120/</a>",,,,2252163557,"",63,488,Pacific Time (US & Canada),11944,en,"","",0,0,0
495900808517787648,en,Sun Aug 03 11:55:40 +0000 2014,"<a href=""http://vsbelle.net/120/"" rel=""nofollow"">http://vsbelle.net/120/</a>",,,,2239371417,"",40,413,Pacific Time (US & Canada),12141,en,"","",0,0,0
495900808018661376,en,Sun Aug 03 11:55:40 +0000 2014,"<a href=""http://vsbelle.net/120/"" rel=""nofollow"">http://vsbelle.net/120/</a>",,,,2265572510,"",40,407,Pacific Time (US & Canada),12325,en,"","",0,0,0
495900805988630528,en,Sun Aug 03 11:55:40 +0000 2014,"<a href=""http://vsbelle.net/120/"" rel=""nofollow"">http://vsbelle.net/120/</a>",,,,1661296274,"",100,626,,14661,en,"","",0,0,0
495900805531459584,en,Sun Aug 03 11:55:40 +0000 2014,"<a href=""http://vsbelle.net/120/"" rel=""nofollow"">http://vsbelle.net/120/</a>",,,,1684115323,"",61,576,,13397,ar,"","",0,0,0
495900804977786880,en,Sun Aug 03 11:55:39 +0000 2014,"<a href=""http://vsbelle.net/120/"" rel=""nofollow"">http://vsbelle.net/120/</a>",,,,1686200317,"",68,1034,,12641,ar,"","",0,0,0
495900804390584320,en,Sun Aug 03 11:55:39 +0000 2014,"<a href=""http://vsbelle.net/120/"" rel=""nofollow"">http://vsbelle.net/120/</a>",,,,1684094394,"",47,501,,12447,ar,"","",0,0,0
495900803572703232,en,Sun Aug 03 11:55:39 +0000 2014,"<a href=""http://vsbelle.net/120/"" rel=""nofollow"">http://vsbelle.net/120/</a>",,,,2264311658,"",53,448,Pacific Time (US & Canada),11752,en,"","",0,0,0
495900803119738880,en,Sun Aug 03 11:55:39 +0000 2014,"<a href=""http://vsbelle.net/120/"" rel=""nofollow"">http://vsbelle.net/120/</a>",,,,2256997240,"",47,404,Pacific Time (US & Canada),11792,en,"","",0,0,0
495900802620596224,en,Sun Aug 03 11:55:39 +0000 2014,"<a href=""http://vsbelle.net/120/"" rel=""nofollow"">http://vsbelle.net/120/</a>",,,,1685732490,"",62,524,,12458,ar,"","",0,0,0
495900802117300224,en,Sun Aug 03 11:55:39 +0000 2014,"<a href=""http://vsbelle.net/120/"" rel=""nofollow"">http://vsbelle.net/120/</a>",,,,1618667474,"",63,604,,11385,ar,"","",0,0,0
495900801584599040,en,Sun Aug 03 11:55:39 +0000 2014,"<a href=""http://vsbelle.net/120/"" rel=""nofollow"">http://vsbelle.net/120/</a>",,,,1636644132,"",82,1022,,12565,en,"","",0,0,0
495900801131638784,en,Sun Aug 03 11:55:39 +0000 2014,"<a href=""http://vsbelle.net/120/"" rel=""nofollow"">http://vsbelle.net/120/</a>",,,,1636880274,الإمارات,173,1020,,13787,en,"","",0,0,0
495900800678658048,en,Sun Aug 03 11:55:38 +0000 2014,"<a href=""http://vsbelle.net/120/"" rel=""nofollow"">http://vsbelle.net/120/</a>",,,,1685520618,"",123,959,,12988,ar,"","",0,0,0
495900800229867520,en,Sun Aug 03 11:55:38 +0000 2014,"<a href=""http://vsbelle.net/120/"" rel=""nofollow"">http://vsbelle.net/120/</a>",,,,1657975200,"",60,536,,12536,en,"","",0,0,0
495900799722340352,en,Sun Aug 03 11:55:38 +0000 2014,"<a href=""http://vsbelle.net/120/"" rel=""nofollow"">http://vsbelle.net/120/</a>",,,,2248545808,"",56,435,Pacific Time (US & Canada),11517,en,"","",0,0,0
495900799214841858,en,Sun Aug 03 11:55:38 +0000 2014,"<a href=""http://vsbelle.net/120/"" rel=""nofollow"">http://vsbelle.net/120/</a>",,,,2262605356,"",37,393,Pacific Time (US & Canada),11923,en,"","",0,0,0
495900798736670720,en,Sun Aug 03 11:55:38 +0000 2014,"<a href=""http://vsbelle.net/120/"" rel=""nofollow"">http://vsbelle.net/120/</a>",,,,2238672935,"",41,471,Pacific Time (US & Canada),11968,en,"","",0,0,0
495900797964918784,en,Sun Aug 03 11:55:38 +0000 2014,"<a href=""http://vsbelle.net/120/"" rel=""nofollow"">http://vsbelle.net/120/</a>",,,,1684320990,"",59,1010,,13312,ar,"","",0,0,0
495900797449043969,en,Sun Aug 03 11:55:38 +0000 2014,"<a href=""http://vsbelle.net/120/"" rel=""nofollow"">http://vsbelle.net/120/</a>",,,,2265518713,"",52,420,Pacific Time (US & Canada),12100,en,"","",0,0,0
495900796924751872,en,Sun Aug 03 11:55:38 +0000 2014,"<a href=""http://vsbelle.net/120/"" rel=""nofollow"">http://vsbelle.net/120/</a>",,,,1686300847,"",115,1069,,14421,ar,"","",0,0,0
495900796358508545,en,Sun Aug 03 11:55:37 +0000 2014,"<a href=""http://vsbelle.net/120/"" rel=""nofollow"">http://vsbelle.net/120/</a>",,,,1683811160,"",77,674,,13529,ar,"","",0,0,0
495900795855175680,en,Sun Aug 03 11:55:37 +0000 2014,"<a href=""http://vsbelle.net/120/"" rel=""nofollow"">http://vsbelle.net/120/</a>",,,,2241654227,"",41,418,Pacific Time (US & Canada),12112,en,"","",0,0,0
495900795360272384,en,Sun Aug 03 11:55:37 +0000 2014,"<a href=""http://vsbelle.net/120/"" rel=""nofollow"">http://vsbelle.net/120/</a>",,,,1684113265,"",65,922,,13359,ar,"","",0,0,0
495900794584309760,en,Sun Aug 03 11:55:37 +0000 2014,"<a href=""http://vsbelle.net/120/"" rel=""nofollow"">http://vsbelle.net/120/</a>",,,,1684191421,"",67,525,,12813,ar,"","",0,0,0
495900794097762305,en,Sun Aug 03 11:55:37 +0000 2014,"<a href=""http://vsbelle.net/120/"" rel=""nofollow"">http://vsbelle.net/120/</a>",,,,1683723637,"",47,671,,12509,ar,"","",0,0,0
495900793611255808,en,Sun Aug 03 11:55:37 +0000 2014,"<a href=""http://vsbelle.net/120/"" rel=""nofollow"">http://vsbelle.net/120/</a>",,,,1684225172,"",54,970,,12550,ar,"","",0,0,0
495900793061777408,en,Sun Aug 03 11:55:37 +0000 2014,"<a href=""http://vsbelle.net/120/"" rel=""nofollow"">http://vsbelle.net/120/</a>",,,,1638965330,"",93,789,,14308,en,"","",0,0,0
495900792180989952,en,Sun Aug 03 11:55:36 +0000 2014,"<a href=""http://vsbelle.net/120/"" rel=""nofollow"">http://vsbelle.net/120/</a>",,,,2242294204,"",66,452,Pacific Time (US & Canada),12208,en,"","",0,0,0
495900791518269441,en,Sun Aug 03 11:55:36 +0000 2014,"<a href=""http://vsbelle.net/120/"" rel=""nofollow"">http://vsbelle.net/120/</a>",,,,2243156309,"",58,436,Pacific Time (US & Canada),11934,en,"","",0,0,0
495900790813249537,en,Sun Aug 03 11:55:36 +0000 2014,"<a href=""http://vsbelle.net/120/"" rel=""nofollow"">http://vsbelle.net/120/</a>",,,,1659897042,"",77,994,,12624,en,"","",0,0,0
495900789978976257,en,Sun Aug 03 11:55:36 +0000 2014,"<a href=""http://vsbelle.net/120/"" rel=""nofollow"">http://vsbelle.net/120/</a>",,,,1644560653,"",104,1038,,12459,ar,"","",0,0,0
495900789282713601,en,Sun Aug 03 11:55:36 +0000 2014,"<a href=""http://vsbelle.net/120/"" rel=""nofollow"">http://vsbelle.net/120/</a>",,,,1638229874,"",74,1046,,12577,en,"","",0,0,0
495900788821352448,en,Sun Aug 03 11:55:36 +0000 2014,"<a href=""http://vsbelle.net/120/"" rel=""nofollow"">http://vsbelle.net/120/</a>",,,,1657468428,"",77,579,,12145,en,"","",0,0,0
495900788032823296,en,Sun Aug 03 11:55:36 +0000 2014,"<a href=""http://vsbelle.net/120/"" rel=""nofollow"">http://vsbelle.net/120/</a>",,,,1661098782,"",81,1029,,12531,en,"","",0,0,0
495900787445628928,en,Sun Aug 03 11:55:35 +0000 2014,"<a href=""http://vsbelle.net/120/"" rel=""nofollow"">http://vsbelle.net/120/</a>",,,,1639226695,"",54,636,,12511,en,"","",0,0,0
495900786564808704,en,Sun Aug 03 11:55:35 +0000 2014,"<a href=""http://vsbelle.net/120/"" rel=""nofollow"">http://vsbelle.net/120/</a>",,,,2264679180,"",62,425,Pacific Time (US & Canada),11897,en,"","",0,0,0
495900786078265346,en,Sun Aug 03 11:55:35 +0000 2014,"<a href=""http://vsbelle.net/120/"" rel=""nofollow"">http://vsbelle.net/120/</a>",,,,1634035574,"",67,1025,,14656,en,"","",0,0,0
495900785579143168,en,Sun Aug 03 11:55:35 +0000 2014,"<a href=""http://vsbelle.net/120/"" rel=""nofollow"">http://vsbelle.net/120/</a>",,,,1681925130,"",123,998,,12654,ar,"","",0,0,0
495900784757071872,en,Sun Aug 03 11:55:35 +0000 2014,"<a href=""http://vsbelle.net/120/"" rel=""nofollow"">http://vsbelle.net/120/</a>",,,,2243235339,Saudi Arabia,69,475,Pacific Time (US & Canada),12167,en,"","",0,0,0
495900784216006656,en,Sun Aug 03 11:55:35 +0000 2014,"<a href=""http://vsbelle.net/120/"" rel=""nofollow"">http://vsbelle.net/120/</a>",,,,2265712782,"",84,408,Pacific Time (US & Canada),11652,en,"","",0,0,0
495900783649783811,en,Sun Aug 03 11:55:34 +0000 2014,"<a href=""http://vsbelle.net/120/"" rel=""nofollow"">http://vsbelle.net/120/</a>",,,,2262778490,"",59,440,Pacific Time (US & Canada),11912,en,"","",0,0,0
